id,view1,view2,view3,view4,view5,view6,view7,view8,view9,view10,view11,cond_presentation,short,df
Your Prolific ID:,Timing - 11 - Timing - Page Submit,Timing - 11 - Timing - Page Submit,Timing - 11 - Timing - Page Submit,Timing - 11 - Timing - Page Submit,Timing - 11 - Timing - Page Submit,Timing - 11 - Timing - Page Submit,Timing - 11 - Timing - Page Submit,Timing - 11 - Timing - Page Submit,Timing - 11 - Timing - Page Submit,Timing - 11 - Timing - Page Submit,Timing - 11 - Timing - Page Submit,sampling_noiseless,1,prereg
000000000000000000000000,1.329,0.415,0.415,0.372,0.377,0.357,0.43,0.373,0.415,0.403,0.655,sampling_noiseless,1,prereg
9c2a276668310d20bbee356f,1.391,0.88,1.646,0.563,0.367,1.155,0.575,0.548,0.571,0.301,0.768,sampling_noiseless,1,prereg
02e718572c3227791c87f4d0,3.793,2.424,0.969,1.071,0.801,0.749,0.815,0.92,0.629,0.849,0.99,sampling_noiseless,1,prereg
53fd30b921af44b44278d9df,5.535,2.368,2.526,4.584,2.507,1.245,1.348,1.56,1.275,1.272,1,sampling_noiseless,1,prereg
417f5ea4a534c090c79dc96a,2.104,0.765,1.196,0.787,0.963,0.889,0.712,0.158,0.361,2.399,0.531,sampling_noiseless,1,prereg
2f4f77cf3516dd65fe654bbf,7.381,4.468,1.685,1.873,1.245,0.783,0.649,0.918,0.795,0.754,2.623,sampling_noiseless,1,prereg
aa557b3c9888532c2f643d56,7.404,3.656,1.178,0.701,0.424,0.678,0.661,0.47,0.685,1.495,2.734,sampling_noiseless,1,prereg
bf46d0ff0554a93d77355184,4.031,6.896,2.53,1.23,1.053,4.829,1.974,2.02,1.519,1.957,1.829,sampling_noiseless,1,prereg
7d86f34d5ad77bd1d988d9be,4.552,9.032,3.17,1.537,1.641,4.068,1.387,1.043,1.064,1.113,1.599,sampling_noiseless,1,prereg
dd467f569e1f80ae3adb312a,2.068,0.879,0.77,0.622,0.778,2.134,0.857,0.565,1.306,0.9,2.84,sampling_noiseless,1,prereg
68d15344adea8e48c2040682,2.905,1.924,1.642,1.44,0.987,1.454,0.861,1.398,0.873,0.687,0.647,sampling_noiseless,1,prereg
30f1711ac13ac4e5743b0577,3.163,1.691,1.67,0.95,1.305,1.543,1.838,0.95,3.379,2.457,1.253,sampling_noiseless,1,prereg
7891214883027c095df0653d,1.574,1.08,1.281,0.938,1.133,1.233,1.4,1.048,1.101,1.644,1.444,sampling_noiseless,1,prereg
1e4a520e5ec587d4c684a224,2,1.506,1.56,0.642,0.546,1.664,0.639,0.834,0.864,1.906,1.024,sampling_noiseless,1,prereg
65cf26eafb29dd3b11ef39f6,1.013,0.548,0.556,0.416,0.39,0.329,0.212,0.343,0.273,0.344,0.416,sampling_noiseless,1,prereg
a9594a68454489c6cc5d4101,2.083,0.353,0.326,0.341,0.128,0.701,0.393,0.369,0.697,1.702,0.873,sampling_noiseless,1,prereg
40bfd136fddafca5c8afe754,3.359,1.904,0.766,1.13,0.714,1.115,0.474,1.215,1.289,0.38,0.642,sampling_noiseless,1,prereg
c7bf58e3cc70fbbe590fb0d7,1.91,0.891,0.821,1.234,1.385,1.198,0.912,1.516,0.932,1.808,1.686,sampling_noiseless,1,prereg
d7d16f6ce1fe6bacf15895a6,7.787,3.929,1.128,1.933,2.448,0.944,1.086,1.514,1.031,0.8,0.829,sampling_noiseless,1,prereg
f4d67cad5f3dd188a0f120b7,2.288,0.576,0.61,0.641,0.872,0.437,0.568,0.467,0.369,0.409,1.072,sampling_noiseless,1,prereg
be1b358373180d4b4675b755,6.371,5.1,3.21,5.033,5.094,2.388,1.601,1.662,1.405,1.184,1.497,sampling_noiseless,1,prereg
8121351ab14ec9995451997a,4.007,3.286,2.759,1.658,1.642,1.006,0.899,0.683,0.628,1.891,1.277,sampling_noiseless,1,prereg
4b6e548f909dd13af8124e9d,6.129,2.851,1.611,1.984,1.124,0.94,1.375,1.367,0.965,2.702,1.27,sampling_noiseless,1,prereg
360eaf80632988f4fe655ba8,5.513,3.452,2.202,1.794,1.406,1.589,0.692,0.775,3.524,0.926,0.899,sampling_noiseless,1,prereg
5c5ba186a41579ad56bd8c86,2.26,0.939,1.057,0.738,0.988,0.775,0.509,0.57,0.562,1.229,2.414,sampling_noiseless,1,prereg
4da429c79ac821b051c85366,18.444,1.602,1.232,1.206,1.09,0.883,0.967,1.357,0.882,1.103,0.996,sampling_noiseless,1,prereg
54cd68e20155f588ee9c38e7,5.091,3.752,6.096,2.122,1.99,1.668,1.107,2.742,1.564,1.229,3.284,sampling_noiseless,1,prereg
d3d2f8a55f8ef6eeed91aabf,3.324,0.47,0.64,0.348,0.301,0.381,0.208,0.484,0.429,0.203,0.502,sampling_noiseless,1,prereg
19e3014d6d70e1cd9d9e3364,1.732,1.278,0.685,0.73,0.765,1.176,1.021,0.495,2.539,3.881,1.529,sampling_noiseless,1,prereg
07049c7a9d831703e9c6dcb6,6.195,2.259,1.058,1.088,1.242,1.083,3.08,0.92,0.898,0.657,3.598,sampling_noiseless,1,prereg
40117b5fc9e97c2ed700132e,9.226,3.725,5.142,2.184,7.158,5.178,5.001,6.473,5.638,4.088,2.907,sampling_noiseless,1,prereg
3084e969fc497e53f93d1cd6,3.001,2.077,2.977,3.35,2.948,3.488,1.005,0.71,2.112,2.636,1.299,sampling_noiseless,1,prereg
327dbf14fc3f276de8ce5503,6.25,1.549,1.378,1.042,5.318,1.633,1.301,0.92,1.492,1.031,1.821,sampling_noiseless,1,prereg
46a83e0d4154c95f0b829398,10.273,5.088,3.474,3.345,4.138,2.677,3.555,2.86,2.671,3.103,2.862,sampling_noiseless,1,prereg
65fd32f6166e5bcab55bcbc5,5.055,3.52,4.932,4.36,3.028,8.942,3.021,1.411,1.246,1.501,1.981,sampling_noiseless,1,prereg
19804964d6463747354fd078,4.183,1.402,0.904,2.403,0.989,0.592,0.654,0.781,0.817,0.751,0.72,sampling_noiseless,1,prereg
de5ff063a1d9e7e42a551692,3.85,3.779,1.233,1.084,0.972,0.815,0.994,0.63,0.974,0.778,0.57,sampling_noiseless,1,prereg
b1baac21b6e4b76d8b6c3f07,5.08,5.641,2.7,2.677,3.015,2.571,4.174,1.639,1.401,2.512,2.664,sampling_noiseless,1,prereg
2640cc974705e31d77594f73,11.262,4.661,3.688,2.166,2.177,1.845,1.551,1.658,1.231,1.048,1.862,sampling_noiseless,1,prereg
21c91e3530e9f2a863a00e58,2.468,1.045,1.495,1.114,1.044,0.92,0.755,0.984,0.801,0.703,0.776,sampling_noiseless,1,prereg
2f37862f9f58aaf5d3bfca3f,1.517,1.024,0.608,0.617,0.646,0.73,0.57,2.544,0.576,2.748,1.282,sampling_noiseless,1,prereg
af7a4f35c3e8ef2d5f947aec,26.937,9.135,7.315,3.814,7.773,5.822,9.29,4.148,5.901,7.14,7.116,sampling_noiseless,1,prereg
4bcbda08c2622ab4b63f5640,2.787,0.768,0.811,0.57,0.56,0.597,0.649,0.557,0.542,1.118,0.713,sampling_noiseless,1,prereg
83d1204c8019a3d877c34898,4.88,4.636,5.023,11.539,8.087,4.203,3.403,4.92,5.401,7.033,4.443,sampling_noiseless,1,prereg
a793c1bf9eff725f199a215a,5.071,3.938,1.706,7.289,1.404,2.785,1.402,1.403,1.308,1.203,1.172,sampling_noiseless,1,prereg
35d4ac9a5b269d9413dfebdf,3.184,1.231,2.481,1.437,1.148,0.968,1.343,0.948,1.062,0.887,0.862,sampling_noiseless,1,prereg
1a7a3d59b080c4a4d1e3dec5,10.142,3.229,1.562,3.331,1.032,1.749,1.254,1.107,1.088,1.058,3.275,sampling_noiseless,1,prereg
d66ccc4cb67629b6fe73714e,2.043,3.236,1.431,1.053,1.15,1.075,1.137,1.178,1.1,1.366,1.096,sampling_noiseless,1,prereg
5799e245e04fa72f5778f205,5.572,1.564,1.259,2.772,2.083,6.583,1.936,1.327,1.555,0.866,1.906,sampling_noiseless,1,prereg
634b2c3e7b5915d4e76fb5f2,7.861,2.47,2.587,1.272,1.567,1.252,1.491,1.73,1.242,1.437,4.97,sampling_noiseless,1,prereg
46d17f825b121939c9103faf,42.584,3.342,1.358,0.624,2.968,3.537,1.947,3.067,1.638,2.11,0.723,sampling_noiseless,1,prereg
e6cd92629396e191576b4efa,2.452,1.02,5.112,1.084,0.795,0.846,0.896,1.063,1.001,2.571,1.063,sampling_noiseless,1,prereg
42347e1eebe5fe6fddfb1498,5.286,1.315,1.182,1.087,0.887,1.216,0.731,0.979,0.711,1.093,1,sampling_noiseless,1,prereg
5af6c948a51d9f9b6ff31eef,6.931,3.968,1.131,1.053,1.086,1.169,1.17,0.984,0.915,0.874,0.712,sampling_noiseless,1,prereg
3f4b415d92eaac6f70fcd4b6,1.762,0.703,0.788,0.653,0.786,0.894,1.352,0.334,0.758,0.827,2.802,sampling_noiseless,1,prereg
cf8088eb5bad87bd64f9f80f,4.498,11.616,5.583,3.631,5.523,3.158,3.544,3.472,4.965,5.88,6.261,sampling_noiseless,1,prereg
3d52f30c5444e2d873b3a47d,7.964,4.841,2.266,2.744,1.383,1.335,1.378,1.261,1.724,1.588,1.331,sampling_noiseless,1,prereg
7aba6d972068305ee38db8bc,1.634,0.366,0.319,0.141,0.304,0.262,0.33,0.367,0.2,0.231,0.357,sampling_noiseless,1,prereg
a0a6606a5d475f4d0ddb1c3c,7.685,7.801,5.706,4.787,3.807,3.179,1.405,2.187,3.402,1.501,7.102,sampling_noiseless,1,prereg
308da1ed8fae7314cb0f0fe1,16.594,2.849,3.797,5.083,1.77,1.612,2.022,3.002,0.985,1.121,2.99,sampling_noiseless,1,prereg
1b0bda4d2767fc7d83274905,14.164,2.833,1.677,1.536,0.968,5.918,1.522,0.974,0.764,0.823,0.926,sampling_noiseless,1,prereg
43d855930d64e658e938e3da,3.984,1.326,1.101,1.236,1.623,2.89,2.23,0.95,1.066,2.231,1.524,sampling_noiseless,1,prereg
60a9a7cfc80308a85c236ceb,10.12,5.524,3.249,4.14,5.982,5.298,1.969,1.474,0.891,1.02,1.366,sampling_noiseless,1,prereg
9a91978ae6a4bbe06de8bb3b,5.858,1.48,1.27,1.028,1.219,1.835,2.824,1.136,0.9,1.324,0.621,sampling_noiseless,1,prereg
49505e3df1b6e35981068068,2.509,2.31,1.824,1.141,0.792,0.8,0.65,0.562,0.509,1.675,0.686,sampling_noiseless,1,prereg
89a4c3deb9d3f8cc7a666f91,6.461,2.112,1.217,0.824,0.769,0.852,0.7,0.501,0.652,1.366,4.276,sampling_noiseless,1,prereg
036c563c9df9263b66945a47,12.174,11.062,7.808,4.74,6.742,3.277,2.254,2.584,2.478,2.49,1.692,sampling_noiseless,1,prereg
d4a4779dc4c14f4fae8ef416,26.594,3.6,3.842,1.964,1.852,2.036,25.9,1.202,3.407,7.553,2.598,sampling_noiseless,1,prereg
676aad587dd0afc943cd14a9,23.206,0.852,2.132,0.736,1.171,2.209,0.882,0.807,1.497,1.26,1.552,sampling_noiseless,1,prereg
298fd661592e4bde31e39a96,8.194,1.853,2.319,1.606,1.684,1.538,2.047,1.82,4.157,1.059,5.826,sampling_noiseless,1,prereg
d748c920d54faf8efd7b363c,1.967,0.839,0.851,0.544,1.463,1.142,6.882,0.019,0.721,0.612,0.592,sampling_noiseless,1,prereg
17402f438fee8e1938c940b8,8.821,2.037,0.749,0.77,0.72,0.595,0.444,0.428,0.521,0.499,0.671,sampling_noiseless,1,prereg
b9e731dbea09dc00beb84c4f,2.303,2.4,1.278,0.88,1.146,1.656,1.496,1.395,1.213,1.193,1.247,sampling_noiseless,1,prereg
5136a806f076a3fc6f435a55,119.701,8.768,5.616,45.289,6.234,1.348,0.988,1.016,1.369,1.171,1.034,sampling_noiseless,1,prereg
aff0487e9f56c2c40f642ba4,7.216,4.578,3.524,2.811,2.29,2.03,3.242,3.759,2.047,4.528,2.977,sampling_noiseless,1,prereg
9cb787ce960d6bac36743962,6.684,2.442,2.806,2.011,1.966,1.601,4.604,1.484,4.709,2.703,9.002,sampling_noiseless,1,prereg
472e296b56b54f51f28fa451,5.734,1.876,32.664,1.186,0.873,1.056,1.163,0.917,0.966,0.855,1.519,sampling_noiseless,1,prereg
ccf8c9b2c6ea763314413af4,3.241,1.044,0.867,0.632,0.584,1.069,0.68,0.646,1.086,0.787,1.216,sampling_noiseless,1,prereg
319ff2ca0648b0c1a8f3dd2b,5.539,1.872,0.998,1.227,1.653,0.679,1.137,0.893,0.742,0.979,3.653,sampling_noiseless,1,prereg
b6db1668d86c040150943cd5,1.736,0.551,0.516,0.441,0.48,0.473,1.552,0.681,1.912,1.997,0.532,sampling_noiseless,1,prereg
520d12815152e2d4ed129f3c,4.183,1.741,1.501,1.575,1.133,1.101,2.401,1.052,1.443,8.336,5.18,sampling_noiseless,1,prereg
be4fa0542b2c7754a166b8a0,1.608,1.303,0.905,1.294,1.176,1.19,1.406,0.989,0.801,1.7,1.361,sampling_noiseless,1,prereg
52c049e13ae25030c3269e33,3.596,2.243,1.508,1.915,1.471,1.15,1.583,1.11,2.627,2.149,1.581,sampling_noiseless,1,prereg
c6264475d2dd8964db157302,5.067,2.096,1.171,0.923,0.865,0.667,0.63,0.757,0.441,1.294,1.112,sampling_noiseless,1,prereg
f00dbce25c14fe24db90fce0,2.567,4.056,2.103,2.336,3.955,1.808,2.392,1.684,1.911,1.726,1.518,sampling_noiseless,1,prereg
9c77930b682424a7513af687,25.251,7.995,4.38,1.964,2.389,1.267,0.949,1.289,11.888,3.121,1.051,sampling_noiseless,1,prereg
26b404f4d1c227ec04184ca7,4.484,3.416,1.292,1.312,1.829,0.865,1.451,0.802,1.828,0.89,1.22,sampling_noiseless,1,prereg
2adf9aeac53ce0ab1527d0b3,4.123,2.313,2.222,0.977,4.302,1.159,5.593,1.32,1.303,2.624,3.135,sampling_noiseless,1,prereg
64ba0a6c7d2b1072045f779d,1.971,1.368,1.342,0.971,0.801,0.5,0.741,0.803,0.722,2.494,0.58,sampling_noiseless,1,prereg
498662dfb2b341b920b6c3ba,2.484,1.005,0.935,1.049,0.914,0.939,0.792,0.56,0.463,0.428,0.674,sampling_noiseless,1,prereg
19c4afe5d0eaf15a89f45c8f,2.176,0.974,0.82,0.831,1.2,1.454,1.58,1.122,0.695,1.794,1.354,sampling_noiseless,1,prereg
79fdbdb0863a63ade23cdad4,3.292,0.895,1.205,1.188,0.89,1.398,0.777,1.029,0.978,1.317,1.018,sampling_noiseless,1,prereg
773ba795ec274a5e063583e8,31.628,6.335,7.177,6.308,5.953,6.232,5.495,5.939,5.503,7.811,67.099,sampling_noiseless,1,prereg
dcac648e3863024ca00fd698,6.381,1.37,0.92,0.81,0.775,1.623,0.699,1.099,1.073,6.268,0.853,sampling_noiseless,1,prereg
aadf399e8985c78926bb7e70,3.192,1.626,2.887,1.724,1.865,1.223,1.345,1.029,1.137,1.113,1.18,sampling_noiseless,1,prereg
4b5bb459863ed4f8a463d188,3.292,2.431,2.125,2.069,2.017,1.58,1.984,1.847,1.579,1.23,1.174,sampling_noiseless,1,prereg
ae68b5286c7e832541d26406,2.705,1.616,1.21,1.727,0.621,1.324,1.437,0.568,2.214,2.109,0.478,sampling_noiseless,1,prereg
95ecf9f8d0eea9a93c4cbb01,3.696,1.95,1.064,0.739,0.643,1.394,0.7,0.555,0.428,0.471,1.571,sampling_noiseless,1,prereg
152b209127749272bdc264fb,1.871,0.653,0.816,0.608,0.717,0.717,0.665,0.658,0.525,1.021,0.834,sampling_noiseless,1,prereg
78c01836a42c2a0b66dcf850,3.015,1.109,0.916,5.784,2.164,1.466,1,1.203,1.017,0.82,0.843,sampling_noiseless,1,prereg
8659c416b2c84127341b7bed,24.365,5.571,14.293,2.086,1.792,1.763,1.254,1.233,1.702,1.472,1.255,sampling_noiseless,1,prereg
23e32e9e6df608e23c10b0e4,16.854,10.056,5.023,6.341,8.061,5.412,5.628,2.704,3.279,3.694,2.881,sampling_noiseless,1,prereg
95ef2e3876bcf11db782823d,4.049,3.344,1.99,0.968,1.487,0.876,1.22,3.665,1.269,1.282,1.585,sampling_noiseless,1,prereg
43f9355814b73087e3f65445,5.45,2.757,1.6,2.422,2.734,2.365,1.217,0.877,1.673,2.997,0.812,sampling_noiseless,1,prereg
61441ae4f20c4843d9e00247,5.196,2.434,1.984,2.016,1.722,1.472,1.569,1.536,2.88,1.422,1.002,sampling_noiseless,1,prereg
c22113e61f6126ed824b8550,6.759,5.755,3.831,9.158,2.061,2.488,3.588,4.264,6.614,1.352,1.75,sampling_noiseless,1,prereg
caf42801a963d09ad2ea8948,1.8,1.581,0.716,1.162,0.544,1.01,1.145,1.047,0.744,1.528,1.458,sampling_noiseless,1,prereg
5eef99eb2fdf9b0c447b272e,7.14,4.318,3.601,5.425,3.645,3.384,2.311,2.251,2.348,3.838,3.039,sampling_noiseless,1,prereg
a47a325e95638d016c679c4e,7.601,3.18,0.764,0.907,0.755,0.552,0.608,0.559,0.805,0.592,2.369,sampling_noiseless,1,prereg
0d05ec1eacfaab87031f8777,4.563,1.76,2.029,1.176,0.593,1.111,1.436,6.012,2.315,2.292,3.563,sampling_noiseless,1,prereg
0ff12f90094e66ba246e754a,2.524,3.965,1.224,0.825,12.155,20.141,5.098,2.725,15.384,5.063,2.006,sampling_noiseless,1,prereg
119a0d4522309ede7c9464c2,2.041,1.497,0.965,0.65,0.588,0.804,0.686,0.601,1.898,0.752,0.54,sampling_noiseless,1,prereg
b01294862d7636f8a91489f0,1.993,1.044,1.001,0.841,0.901,0.602,0.548,2.039,0.939,1.386,1.339,sampling_noiseless,1,prereg
27d0a6dee1d0a9cde374804b,8.338,2.756,2.408,2.505,1.278,1.266,1.553,1.349,1.333,1.953,1.746,sampling_noiseless,1,prereg
98f3b7b42aab77d6cd4adb6a,6.436,8.683,2.651,1.29,1.955,2.454,3.633,10.064,1.312,7.072,2.711,sampling_noiseless,1,prereg
907e8d1d0b67c3f2c071919a,9.16,3.453,3.205,2.45,2.506,1.443,1.104,1.774,1.767,2.134,1.501,sampling_noiseless,1,prereg
50f1f3218b639fd30e00bb6a,2.657,1.143,0.975,0.998,0.772,0.836,0.755,0.785,1.26,1.075,0.617,sampling_noiseless,1,prereg
8fee8f51db49dd53ae139383,11.893,18.371,9.113,6.544,13.975,7.085,5.562,5.421,5.509,5.169,6.112,sampling_noiseless,1,prereg
67ff8463260741f340688099,11.629,1.677,6.168,6.439,1.237,3.331,0.898,1.014,1.054,1.553,25.199,sampling_noiseless,1,prereg
6da578097a0becbced102a12,6.574,1.575,2.427,1.942,1.056,0.937,1.117,0.856,1.022,1.343,1.776,sampling_noiseless,1,prereg
0c451dbe1deef0b2c56e4146,5.625,5.949,3.521,1.729,1.855,2.611,2.088,1.17,1.014,1.085,6.691,sampling_noiseless,1,prereg
abf5903a4f44208c0259d9c2,7.168,2.549,1.524,1.056,1.114,0.815,0.737,0.673,0.601,0.639,4.512,sampling_noiseless,1,prereg
9f51baaf24e1f3a2f7b0aa77,4.249,1.1,0.593,0.593,0.503,0.645,0.933,0.957,1.13,5.907,1.675,sampling_noiseless,1,prereg
1bd42b3310028dacea63941d,1.691,4.153,0.445,0.682,0.475,0.385,0.385,0.231,0.341,0.2,0.369,sampling_noiseless,1,prereg
13899b05289a6d982a42d75e,3.548,1.999,4.934,2.099,1.218,1.355,1.19,1.211,1.044,1.938,2.035,sampling_noiseless,1,prereg
4f2fd2d6df30e8ca39b261ab,2.709,1.747,1.452,1.021,0.772,0.581,1.046,0.995,1.218,1.012,0.964,sampling_noiseless,1,prereg
2cf8f39b39020aef35aefdb6,5.248,2.671,2.251,2.144,2.676,3.002,2.416,2.286,1.964,2.554,2.165,sampling_noiseless,1,prereg
307b8287f4cb57dc6d716b68,2.25,1.581,3.377,1.918,1.983,2.226,1.926,0.876,0.831,0.548,1.81,sampling_noiseless,1,prereg
4f8cf2c6592cf99f638494ff,5.477,1.231,0.704,0.855,0.822,0.722,0.961,0.584,0.763,0.623,0.828,sampling_noiseless,1,prereg
62192e6ec87dd91cb626db61,1.646,1.103,1.515,1.436,1.764,1.097,1.977,1.599,1.211,1.659,1.739,sampling_noiseless,1,prereg
69883f38905ad24655c4fb16,5.001,2.664,4.019,14.853,1.795,1.634,3.33,2.041,2.762,0.996,1.759,sampling_noiseless,1,prereg
7803d761c8809f142a52b87b,3.124,0.811,0.545,0.787,0.415,0.413,0.439,0.384,0.549,0.631,1.2,sampling_noiseless,1,prereg
342b24a5caa3dd37e1a4a1ef,1.142,0.784,0.458,0.598,0.459,0.457,0.531,0.435,0.479,0.324,0.642,sampling_noiseless,1,prereg
593224192e20c427599ba6f8,2.499,0.481,0.464,0.551,0.599,0.401,0.515,0.451,0.368,1.593,1.228,sampling_noiseless,1,prereg
2aae45d18cddf1f74e961ac3,2.606,0.816,0.762,0.616,0.487,0.69,1.617,1.031,0.594,0.725,0.501,sampling_noiseless,1,prereg
5826192f8e4db2c6d022929d,1.511,1.741,1.319,0.811,0.703,1.118,1.562,0.982,1.746,5.271,1.151,sampling_noiseless,1,prereg
e81eb237aad6de338bbe2b23,6.392,5.243,4.361,4.735,1.443,2.116,2.374,0.966,0.922,1.601,0.911,sampling_noiseless,1,prereg
cc366d007afea4036162c8b4,11.751,1.667,2.269,2.312,3.144,1.986,1.266,2.039,1.58,0.723,1.253,sampling_noiseless,1,prereg
ac1b5c46048dacc568033348,1.923,1.026,0.895,0.963,0.757,0.72,0.722,0.736,2.113,0.689,0.685,sampling_noiseless,1,prereg
94bf18be94127f92237a67e1,6.278,2.448,1.635,1.799,1.834,1.349,1.587,1.416,1.602,1.211,1.412,sampling_noiseless,1,prereg
efa0255b4c69e99e2e720adf,10.057,6.917,2.863,4.138,5.779,2.941,2.769,2.12,1.8,2.136,2.985,sampling_noiseless,1,prereg
b77e4e64f4ba5e1c1bcd12c0,11.175,5.783,2.458,2.371,2.64,3.735,2.157,1.308,2.313,1.613,1.944,sampling_noiseless,1,prereg
152dec86cc7afc489acb7b18,11.193,5.597,4.051,3.643,4.573,2.795,4.662,4.708,3.232,2.387,3.758,sampling_noiseless,1,prereg
cad3b2cfdb432560dcbcbe79,9.918,5.722,3.179,4.439,3.242,4.243,3.235,4.659,6.6,3.309,2.779,sampling_noiseless,1,prereg
b882cddc9e99d3b701f0fbf9,7.356,1.221,1.632,1.653,1.634,1.385,7.844,1.861,1.417,2.076,1.79,sampling_noiseless,1,prereg
65af1533df45323ec8d818e4,6.878,3.347,2.667,2.042,3.019,16.768,2.097,1.441,1.179,1.07,1.353,sampling_noiseless,1,prereg
ec112a79576f8f9d1de82e29,87.343,0.934,3.031,2.151,0.813,1.304,0.682,0.512,0.564,1.034,0.799,sampling_noiseless,1,prereg
f5521215dc1b1b7c8a67c74c,4.302,9.049,2.974,9.849,2.392,2.431,2.263,1.667,2.53,1.504,1.806,sampling_noiseless,1,prereg
fd05a56991181a45f0994275,7.224,2.074,1.228,1.185,0.886,0.592,1.304,98.505,1.012,0.524,0.858,sampling_noiseless,1,prereg
829c9d4fae2b449202754b47,4.353,1.822,1.8,1.205,1.047,1.153,2.066,1.008,1.021,1.718,1.534,sampling_noiseless,1,prereg
e364fa9d77e9ff2a1fea818a,2.729,1.2,1.047,1.859,0.879,1.582,1.412,1.39,0.898,0.852,0.743,sampling_noiseless,1,prereg
2cebbf2d7a70af73cb1f3c7a,4.477,2.461,1.036,1.18,1.11,0.895,0.853,0.606,0.874,0.721,0.691,sampling_noiseless,1,prereg
48064ead740a5015fe0f6a8c,1.657,1.215,0.702,0.536,0.488,0.52,0.476,0.487,1.232,0.612,0.702,sampling_noiseless,1,prereg
af58da624c09cb1310c1659d,2.869,1.317,2.968,1.159,1.197,0.896,1.831,1.705,1.504,1.296,1.022,sampling_noiseless,1,prereg
9585434abdc4b6ecd79cf857,6.842,2.277,1.249,1.028,0.996,1.297,1.277,3.16,1.007,2.129,1.836,sampling_noiseless,1,prereg
97a9b346a7c070df00912987,4.293,1.885,3.8,1.674,1.981,1.456,2.1,2.24,1.229,3.911,1.601,sampling_noiseless,1,prereg
23a3815d919d2bbfe762bffd,2.96,3.471,1.146,1.024,0.745,0.875,2.145,0.89,0.674,0.725,0.58,sampling_noiseless,1,prereg
25c38298eaf959c22790479f,15.116,7.367,7.479,4.689,2.681,1.242,1.952,3.912,1.505,2.836,1.64,sampling_noiseless,1,prereg
6f45e561d277d2f21b55409d,1.558,0.951,0.956,0.568,0.577,0.656,0.595,0.604,0.684,0.795,0.845,sampling_noiseless,1,prereg
a30f1a208d92b22e791dd099,4.541,5.626,1.626,3.095,5.723,1.386,0.819,11.37,0.725,0.65,0.738,sampling_noiseless,1,prereg
45e6598c807da90440da8929,2.191,1.274,0.983,2.041,0.973,0.886,0.74,2.515,1.046,1.677,1.966,sampling_noiseless,1,prereg
e4d8de136f3f396788b6a200,5.401,1.255,0.7,1.088,0.547,0.985,0.601,0.769,0.158,0.161,0.292,sampling_noiseless,1,prereg
a15a31693b6e325bc5981c0e,5.559,1.903,1.25,1.294,1.183,1.164,1.101,0.936,1.007,0.863,4.393,sampling_noiseless,1,prereg
d53efff7d5cbafb4f14020b7,7.034,3.475,3.066,1.812,2.139,1.025,1.048,1.09,1.183,1.748,1.267,sampling_noiseless,1,prereg
f7bdb3a38b2d4f5bc027b8fb,4.214,2.983,1.401,0.844,0.701,0.555,1.042,0.931,8.047,1.351,2.079,sampling_noiseless,1,prereg
cca97a78118dc01423037129,2.93,7.748,10.753,9.097,6.725,7.801,5.777,6.05,0.539,9.884,2.012,sampling_noiseless,1,prereg
8016614d5a1f6488cdead560,5.937,1.496,0.967,1.166,3.303,1.431,1.034,0.727,0.777,1.101,2.1,sampling_noiseless,1,prereg
46a8a78dfd40cff13c06fb9e,2.532,1.193,1.275,1.125,1.015,0.834,0.842,1.049,0.959,1.106,1.237,sampling_noiseless,1,prereg
c2fdd8cd489fc44c45f8b64c,16.137,5.028,4.688,4.101,3.109,4.411,3.896,3.45,3.135,3.981,3.998,sampling_noiseless,1,prereg
4d6698dfbd712178f94ea085,6.23,1.868,1.242,1.34,1.314,1.516,1.17,1.397,0.906,2.352,1.055,sampling_noiseless,1,prereg
2967623c155dfeb3a5580838,2.546,1.539,1.002,1.03,1.026,1.017,0.801,0.655,1.101,0.751,1.032,sampling_noiseless,1,prereg
aa5abee36c23f4d073f08e43,30.801,2.78,2.97,2.145,1.678,1.397,1.274,1.101,1.275,1.462,248.328,sampling_noiseless,1,prereg
3ae3e6cceb89352d373f3c0a,6.157,2.967,3.046,1.091,1.132,1.926,1.133,1.796,1.252,1.475,1.097,sampling_noiseless,1,prereg
8f271b82b5a3925fe8e5096c,2.196,0.875,0.769,0.735,2.1,2.265,0.781,0.748,0.736,0.613,0.628,sampling_noiseless,1,prereg
79966d521ee8dca5075d0b65,22.303,1.278,1.02,0.836,2.012,1.61,0.622,0.586,0.654,0.761,1.541,sampling_noiseless,1,prereg
7529ffc62f0b77e44653361f,4.743,3.386,1.75,1.851,1.483,1.127,1.243,1.001,1.284,1.535,1.394,sampling_noiseless,1,prereg
34616e2c5f11f4fcd5c1a463,5.372,1.852,1.684,2.18,1.29,1.214,1.177,1.642,1.293,1.137,3.87,sampling_noiseless,1,prereg
b8f22969993f0d04085278b6,13.102,9.004,16.445,6.343,5.498,8.008,4.299,4.312,4.532,4.091,36.106,sampling_noiseless,1,prereg
4aa6ed4c95cc495939c03a7c,1.656,0.94,0.953,0.75,0.969,0.704,0.817,0.765,0.734,0.722,0.559,sampling_noiseless,1,prereg
42640d9056055ab9079b2184,3.449,5.839,2.893,3.956,3.15,1.404,1.135,2.22,1.706,1.859,2.251,sampling_noiseless,1,prereg
7c3d8ac575d0772d18027124,8.756,1.729,1.729,1.607,1.823,3.673,1.46,1.172,0.817,0.813,0.937,sampling_noiseless,1,prereg
d0ea2b1718055b454a070ab3,3.177,5.338,2.401,0.748,1.176,0.875,0.795,0.794,0.734,0.713,0.712,sampling_noiseless,1,prereg
5c080b115ea001dbefc8051d,9.189,6.108,5.783,5.224,4.179,4.315,4.072,8.817,3.866,2.582,2.165,sampling_noiseless,1,prereg
824ceb8da1d9b3ceb4fbc5f4,68.773,0.839,1.351,1.871,1.301,0.943,0.657,0.61,0.706,1.007,1.3,sampling_noiseless,1,prereg
02c7a6b646b2720b4209caea,9.338,2.365,2.214,1.573,1.16,1.042,1.415,2.282,1.431,1.112,1.166,sampling_noiseless,1,prereg
46cf423d075d7f18b6b6eb9b,5.456,5.259,2.491,1.321,1.448,0.834,0.812,0.72,0.71,0.765,1,sampling_noiseless,1,prereg
2188a707b7706ab8f6199d81,9.51,27.466,5.515,7.493,4.619,10.113,9.962,32.548,3.865,7.638,20.506,sampling_noiseless,1,prereg
537e77e0b53446da688a8734,22.87,7.651,5.154,5.855,4.747,5.588,4.402,4.495,4.894,4.636,5.134,sampling_noiseless,1,prereg
31fa5614488ff1517b72cc95,3.385,1.984,0.885,1.027,0.858,0.71,0.647,0.765,0.746,0.909,6.574,sampling_noiseless,1,prereg
c3ade0178d9096fedaf570d9,6.187,2.95,1.114,1.078,1.082,0.782,0.994,2.303,1.31,1.203,0.993,sampling_noiseless,1,prereg
a237e47cd16e555b5e1d34f5,8.299,6.514,3.562,2.401,4.413,1.867,2.014,1.893,1.543,1.88,3.523,sampling_noiseless,1,prereg
9e7a70f50228cdd607e8849b,6.778,1.75,1.214,1.275,1.049,1.177,0.901,0.811,1.9,0.911,1.167,sampling_noiseless,1,prereg
bb33488d5085bbbd61642944,5.116,1.705,1.17,1.689,1.472,1.21,2.793,1.04,1.347,0.877,1.187,sampling_noiseless,1,prereg
5aeaec56504992211033337a,5.399,7.064,3.366,0.632,1.221,1.351,1.154,1.222,0.883,2.157,1.303,sampling_noiseless,1,prereg
3432ebab9440836788ed9409,5.602,4.082,1.98,1.533,1.604,2.136,1.736,1.771,1.257,2.971,1.53,sampling_noiseless,1,prereg
f141dfd4255ee68da87d75fa,12.304,7.048,2.503,2.284,2.672,4.276,3.201,1.862,1.882,3.338,3.265,sampling_noiseless,1,prereg
60df2df16d2d67d94e1f92c6,3.942,1.151,1.677,1.739,1.163,1.383,1.892,2.396,1.597,3.143,1.202,sampling_noiseless,1,prereg
ab34b8acd148fa91aa493726,6.067,3.045,1.683,1.252,1.047,0.826,0.588,0.966,0.971,1.168,1.282,sampling_noiseless,1,prereg
156a1e094fa314c8ce2b5e3e,4.509,2.969,0.542,0.603,0.508,0.54,0.634,0.435,0.208,0.71,1.25,sampling_noiseless,1,prereg
106bd9d30e5934c566d3c5dc,9.075,7.699,5.902,4.464,4.282,3.75,3.275,3.4,3.593,2.306,3.995,sampling_noiseless,1,prereg
6c9dfd28ae5014b31c6fa8fa,11.764,4.283,1.968,2.04,1.926,1.701,1.522,1.622,1.717,1.603,3.123,sampling_noiseless,1,prereg
a58f57503d081548eacc29ac,3.279,3.007,1.603,1.562,1.143,1.107,1.993,1.352,1.701,0.904,1.299,sampling_noiseless,1,prereg
ad9207910f4d4a45c67c3e7b,6.722,3.979,4.662,2.039,1.431,7.98,0.904,4.625,1.774,3.552,1.389,sampling_noiseless,1,prereg
8750cf6b5fb093a10491d06f,7.695,9.565,2.975,3.301,1.291,2.051,1.302,7.202,3.604,2.935,2.916,sampling_noiseless,1,prereg
08b4e8899d796956d8a5d6b1,2.464,1.729,1.49,1.39,1.261,1.551,1.246,1.399,1.619,1.364,2.282,sampling_noiseless,1,prereg
0b4b7cf8e6dcd904ac2b2bca,5.295,3.852,1.328,0.714,2.133,1.084,0.904,1.368,1.216,1.347,1.05,sampling_noiseless,1,prereg
dbd44345d4a8d5fa9961ad0f,4.706,2.394,2.022,1.883,1.443,1.798,1.986,1.116,1.537,1.856,4.983,sampling_noiseless,1,prereg
2e8f5933813a30ea4b181719,11.658,8.828,5.924,15.448,7.346,4.086,3.942,4.602,4.041,3.179,10.167,sampling_noiseless,1,prereg
e1f17e772bc05bda78e21a6c,7.323,14.684,7.828,7.119,5.791,5.493,6.576,4.323,6.25,5.338,6.004,sampling_noiseless,1,prereg
078b6fa30dd66be88abe8d58,2.157,1.258,1.309,1.247,1.166,2.037,1.602,2.521,2.241,1.947,1.98,sampling_noiseless,1,prereg
46d1620143252ad6b46e15c6,13.534,6.291,3.878,5.357,4.693,4.207,3.071,3.638,3.973,4.867,4.031,sampling_noiseless,1,prereg
719175b425bf1600925f625b,3.635,3.382,1.714,3.323,4.215,1.684,3.483,1.676,6.582,2.979,2.268,sampling_noiseless,1,prereg
47cf4effa6c3a005fc281817,2.831,2.618,2.009,0.736,1.714,1.107,19.548,1.014,0.761,1.237,0.818,sampling_noiseless,1,prereg
8bfb5272bc32bda3e2a5d998,6.876,6.626,3.695,4.157,2.901,1.783,1.639,1.43,1.691,2.136,2.249,sampling_noiseless,1,prereg
25d1eb206b72d801ccc559c6,2.954,2.195,1.685,1.694,1.505,1.502,1.535,1.141,1.358,1.28,1.376,sampling_noiseless,1,prereg
3226a06f77fbf2d061d4b771,5.525,1.307,1.506,2.157,1.044,1.259,0.879,0.609,1.018,0.784,0.741,sampling_noiseless,1,prereg
c04c8cc734b6a7612927e2e1,5.47,3.996,4.65,1.483,0.96,1.183,1.004,1.433,2.167,0.882,1.549,sampling_noiseless,1,prereg
70001d9bffbc34673fa3b5b2,2.24,1.303,0.904,2.836,1.137,1.058,0.625,0.712,0.678,0.845,1.194,sampling_noiseless,1,prereg
5aafbdac138b4a601f6db3f9,1.752,1.433,0.861,1.028,1.043,1.155,0.853,0.845,0.873,3.017,5.698,sampling_noiseless,1,prereg
55afbefb2d0aa9a42a140c5e,28.01,5.393,4.859,4.152,5.923,5.643,5.567,7.959,4.525,4.89,6.208,sampling_noiseless,1,prereg
624757d60698f9e528ac59c0,2.35,0.596,0.444,0.443,0.581,0.228,0.179,0.396,0.4,0.308,0.537,sampling_noiseless,1,prereg
bd2b65106a04c786066735c8,1.199,0.169,0.119,0.179,0.647,1.238,0.375,0.192,0.182,0.194,0.263,sampling_noiseless,1,prereg
1248723359b314fceda63f1d,3.5,1.646,1.48,1.204,1.151,0.731,4.541,2.915,1.078,1.77,1.123,sampling_noiseless,1,prereg
8414833d84bd197117971f21,12.098,5.86,3.191,2.837,1.713,1.074,2.071,1.283,1.137,0.512,0.799,sampling_noiseless,1,prereg
c1cfda843d5d31f876831c28,2.128,0.856,0.915,0.041,1.948,1.621,0.645,0.056,0.015,0.597,0.347,sampling_noiseless,1,prereg
d3f60ae617515c651782aeaf,1.802,0.853,0.953,1.164,0.77,0.676,0.95,0.897,0.874,0.79,1.339,sampling_noiseless,1,prereg
a5736efe520e2ad4bc5c9677,4.163,1.006,0.729,0.759,0.707,0.946,0.729,1.656,0.798,0.502,0.712,sampling_noiseless,1,prereg
04cd3d681f19347e35046e0d,5.391,32.688,9.734,9.243,6.505,6.447,6.294,7.36,3.903,4.255,2.877,sampling_noiseless,1,prereg
f1f1ea8dad05ad5fe5f11243,2.293,3.817,1.103,1.042,0.941,0.88,0.886,0.898,0.903,3.368,1.6,sampling_noiseless,1,prereg
833737082244ca5af0efa267,1.812,0.637,0.579,0.42,0.383,0.371,0.35,0.445,0.508,2.351,1.299,sampling_noiseless,1,prereg
957126aa71497451ff8460fb,2.876,1.413,4.953,0.835,0.71,0.71,0.779,0.623,0.853,0.75,0.805,sampling_noiseless,1,prereg
a8e21d4c1d36734d31a66c76,4.407,5.026,1.142,0.878,0.73,1.265,0.582,0.91,0.779,1.139,0.636,sampling_noiseless,1,prereg
7b05bed23b24b15006b29dd4,20.202,4.751,4.117,3.081,3.101,1.964,2.302,1.92,1.997,2.03,6.31,sampling_noiseless,1,prereg
9325a23ed80bc607d423da78,5.595,1.597,1.825,2.093,1.42,0.817,0.957,0.804,0.718,0.628,0.964,sampling_noiseless,1,prereg
f81444b8caed93ecc987d96c,5.505,2.507,2.864,1.81,1.807,1.23,0.987,1.034,1.085,0.979,3.106,sampling_noiseless,1,prereg
4a92114ed22542b8a2a9a933,2.465,0.949,0.502,0.558,0.874,1.004,0.573,0.557,0.785,0.933,0.799,sampling_noiseless,1,prereg
34929e41dcdfa579accb4d4d,3.785,4.571,3.425,1.288,1.787,0.716,0.789,0.801,0.622,0.638,0.576,sampling_noiseless,1,prereg
cc1948b4de570b573146b048,13.792,5.166,6.136,2.768,2.877,5.344,5.725,7.291,2.44,3.011,2.28,sampling_noiseless,1,prereg
a60466db784c1ec1841cf087,7.741,1.527,3.973,1.158,3.053,3.479,2.755,1.42,2.63,1.047,1.157,sampling_noiseless,1,prereg
6e9d1621a4346982f14e2097,1.254,1.133,0.598,0.593,0.815,0.364,0.383,0.374,0.355,0.44,0.445,sampling_noiseless,1,prereg
ae0111914e086cd87bb4e8b2,5.234,2.229,1.316,1.565,0.879,0.86,0.847,1.065,0.8,2.528,1.572,sampling_noiseless,1,prereg
9f739eb6575e1b1f0ca49624,5.555,2.3,1.866,1.036,1.257,1.085,3.641,2.151,0.882,1.364,1.843,sampling_noiseless,1,prereg
dd87a9cd4d7777685ca0d175,4.886,2.152,0.957,0.671,0.566,0.81,0.475,0.773,0.558,0.683,0.448,sampling_noiseless,1,prereg
7adf7b5871e9c85e668d82c9,4.372,2.3,2.691,1.067,0.902,0.775,0.791,0.877,1.003,0.751,0.802,sampling_noiseless,1,prereg
991016339a7fe4c151edb0b3,7.374,2.749,4.576,1.24,1.089,0.778,0.994,0.735,0.828,2.239,1.503,sampling_noiseless,1,prereg
442f220a1d006652fb108e8f,4.171,1.406,0.904,2.901,1.645,0.906,1.001,0.921,1.745,1.232,1.234,sampling_noiseless,1,prereg
f5efc25139d5725e553b8f66,21.637,33.296,14.523,7.934,13.831,4.815,4.553,3.942,3.726,2,3.098,sampling_noiseless,1,prereg
062cd858b8b9fc1d97c4b68e,1.47,0.568,0.536,1.814,0.691,0.684,0.842,0.72,0.793,0.746,0.712,sampling_noiseless,1,prereg
c4b8bcccc0fd176ced5f5b0b,8.044,7.849,3.44,8.321,2.801,4.641,2.7,6.622,2.778,3.666,3.261,sampling_noiseless,1,prereg
a68660ecce382982dc1e951b,11.534,6.483,2.066,5.9,1.434,1.617,0.867,0.717,0.617,0.666,5.284,sampling_noiseless,1,prereg
40d9c1117726d3f7df86a371,3.472,1.579,1.008,1.508,3.159,7.276,1.829,1.138,0.947,2.599,20.013,sampling_noiseless,1,prereg
d1bfb2945b4b499ff4c18bf0,16.561,7.502,8.271,5.733,9.202,4.216,4.872,3.615,2.858,4.367,5.435,sampling_noiseless,1,prereg
7d12defa7bd3ae8f8fe4448b,2.19,1.231,1.251,3.943,2.526,1.363,2.543,2.959,1.289,1.19,3.363,sampling_noiseless,1,prereg
c912648bcb33074656cdb103,12.001,6.688,9.623,3.281,7.598,1.841,5.082,4.11,2.912,2.74,2.242,sampling_noiseless,1,prereg
9dca11b511fd74407c66f8c4,1.841,2.303,4.891,1.184,1.256,2.283,1.748,1.795,1.303,1.128,0.884,sampling_noiseless,1,prereg
20b878a1c871d884e69976d9,6.025,1.313,4.734,1.144,1.021,0.911,1.059,1.022,1.148,1.062,0.921,sampling_noiseless,1,prereg
165fa7faf88e01016c5ec939,4.104,1.337,1.231,0.89,0.986,0.858,0.761,0.991,0.706,0.799,3.395,sampling_noiseless,1,prereg
486f6eece129b673fc7e117e,25.633,8.82,12.056,8.717,6.671,2.878,2.068,2.001,1.808,2.043,2.273,sampling_noiseless,1,prereg
1a156df23004bf52ab1dfb45,4.878,1.587,1.588,1.945,1.255,1.064,0.812,0.8,1.147,0.969,1.102,sampling_noiseless,1,prereg
eca9803a4a219547f111967d,6.769,4.295,2.694,2.025,2.959,2.184,1.481,1.696,4.302,2.246,2.335,sampling_noiseless,1,prereg
996e0f9dcc7fdb24a787cbaa,1.74,0.853,0.579,0.898,0.769,0.423,0.912,0.468,0.503,1.797,1.414,sampling_noiseless,1,prereg
650b34d4e3846283b9281b07,6.505,4.785,1.433,23.038,12.445,10.674,11.041,10.867,15.318,11.797,10.559,sampling_noiseless,1,prereg
bb2a8271913667e2d5a528b5,7.536,1.7,0.826,0.804,1.05,1.849,1.061,0.731,1.323,1.915,1.21,sampling_noiseless,1,prereg
a5f81965f50c846331211fff,4.96,2.214,4.571,2.968,2.187,1.033,1.457,1.411,1.506,3.472,1.472,sampling_noiseless,1,prereg
2331dc010b691d13edb64608,5.92,3.256,2.439,1.954,1.818,1.988,1.833,9.884,1.738,0.973,1.905,sampling_noiseless,1,prereg
f80f450875455555b1e79fbb,1.733,1.483,1.104,0.768,0.722,0.817,0.854,0.837,1.236,1.322,0.834,sampling_noiseless,1,prereg
7fe7be5e6dcbdb56e3355920,5.483,3.845,3.62,1.928,1.66,1.264,1.424,1.609,3.465,1.52,1.899,sampling_noiseless,1,prereg
61dd312370f1c9a2eae4abe6,2.126,0.825,0.499,0.448,0.613,0.64,0.7,0.734,0.641,2.903,0.755,sampling_noiseless,1,prereg
2428cd76c96a82667e36e9b9,4.029,1.577,0.977,1.744,0.645,0.547,0.522,0.602,0.639,0.825,0.601,sampling_noiseless,1,prereg
00dc6d2e8b094a2ef7195520,19.085,3.601,1.444,2.981,3.461,2.1,6.257,2.298,2.433,7.791,7.14,sampling_noiseless,1,prereg
eebcc6771c60553700b56d58,3.847,1.279,1.078,1.037,1.056,2.491,3.279,1.76,2.002,1.392,1.742,sampling_noiseless,1,prereg
a3df421bfd16364bb2eb9eda,5.421,6.439,2.248,1.909,1.096,1.001,1.159,2.197,1.212,0.986,1.098,sampling_noiseless,1,prereg
16d2fb25ab11cecf5da7383b,5.506,2.235,1.869,1.49,1.284,2.458,1.264,1.198,1.052,2.223,1.359,sampling_noiseless,1,prereg
d7fc3787110ccd0e327e16a4,9.442,3.008,3.257,1.984,4.121,1.757,4.567,1.13,4.759,1.258,1.395,sampling_noiseless,1,prereg
f98d16a651db685a8e2605a7,3.57,6.049,0.971,5.791,2.162,9.25,7.95,3.447,8.292,2.466,2.713,sampling_noiseless,1,prereg
9f3afa5b8ffbedae2556244d,6.987,7.406,18.99,5.376,6.036,4.202,3.95,5.435,3.584,5.276,3.605,sampling_noiseless,1,prereg
ebaf766400a22d6549125556,9.79,4.3,4.864,3.73,3.337,2.075,1.98,2.158,2.402,2.662,2.687,sampling_noiseless,1,prereg
396e4b23b9bade3d0e4e8a14,9.947,1.734,5.99,3.683,2.805,2.177,2.168,1.473,1.119,0.943,0.946,sampling_noiseless,1,prereg
e36f903b1e12a85ba0493e18,3.203,0.931,1.516,2.845,1.056,1.254,0.92,0.841,0.993,1.736,0.973,sampling_noiseless,1,prereg
976537b2426cbc92993dd7c1,4.268,255.778,1.236,0.684,0.583,1.126,3.2,1.982,0.996,0.591,0.601,sampling_noiseless,1,prereg
d8910196ae9591e1e8c51531,7.407,8.874,4.786,4.051,2.183,3.075,3.03,3.147,3.745,3.166,5.091,sampling_noiseless,1,prereg
813416620beabac2e4c41733,2.289,1.226,1.266,1.062,1.932,0.884,1.178,0.89,1.276,1.496,8.368,sampling_noiseless,1,prereg
10071cc95095217e76dba04a,5.387,2.989,1.628,1.927,1.234,0.97,1.331,0.994,0.901,0.806,0.911,sampling_noiseless,1,prereg
8f94c415e2bbac00e075bbe3,2.994,2.027,2.066,3.228,1.219,1.237,2.673,0.88,1.173,1.181,3.072,sampling_noiseless,1,prereg
d4bcc9f801259afd1512bccd,4.048,4.787,2.417,5.697,2.061,2.507,4.767,1.433,3.202,2.199,6.861,sampling_noiseless,1,prereg
61d795cb81575b60a6ecd4c2,8.469,3.987,1.871,6.711,1.655,1.402,1.329,1.763,1.047,1.661,1.015,sampling_noiseless,1,prereg
4eea2ef42e4fd516af6e6f06,7.875,33.16,5.153,14.189,7.153,4.654,1.262,1.055,1.353,0.667,0.849,sampling_noiseless,1,prereg
7d9c07b19a9f9fa2189545ff,2.104,1.001,3.275,1.058,0.897,0.928,2.007,1.393,1.074,1.098,2.128,sampling_noiseless,1,prereg
3edf6759321ca86ab904e80c,2.599,1.138,0.972,1.078,0.902,0.765,0.89,1.434,1.177,0.758,1.464,sampling_noiseless,1,prereg
5e89c6ec9da0f5618c57df3f,2.744,2.025,1.919,1.135,1.748,1.045,1.489,1.125,0.962,1.49,0.943,sampling_noiseless,1,prereg
8b7043ace84ab49e6b5a1e05,6.794,4.111,2.117,2.569,3.767,5.06,10.875,1.333,4.391,3.487,2.09,sampling_noiseless,1,prereg
cf1e1cdcb343c0f77d57a09f,3.185,2.199,4.101,2.029,1.803,2.476,2.847,2.286,1.269,1.011,1.365,sampling_noiseless,1,prereg
30100823ee9431596cad5d43,3.95,4.84,0.587,0.703,0.852,2.585,1.509,0.882,0.612,0.814,0.876,sampling_noiseless,1,prereg
e925a1f0a6d2bae2a31d01cc,3.523,1.581,0.952,0.758,0.769,0.589,0.721,1.173,0.704,0.831,0.718,sampling_noiseless,1,prereg
57d308623ba3394327089359,20.341,6.763,3.687,3.951,4.159,4.415,3.755,6.287,5.625,4.803,9.912,sampling_noiseless,1,prereg
4d2bbd0bb056c882833eb82c,1.967,1.374,0,1.203,1.166,1.494,1.093,0.508,0.965,1.649,0.934,sampling_noiseless,1,prereg
8d7cac4e3962aef09612acdb,5.943,3.017,1.337,0.611,0.601,1.762,2.16,0.566,0.849,0.664,1.891,sampling_noiseless,1,prereg
99d10089294401b3df354db3,1.886,0.843,1.453,0.981,0.912,0.885,0.997,0.727,0.69,0.633,0.718,sampling_noiseless,1,prereg
9fbf0dbafc624a68414c649a,9.788,4.645,12.564,6.344,6.365,4.604,7.727,5.703,4.958,4.958,3.624,sampling_noiseless,1,prereg
f1c2d55320c3dd7443df2739,1.885,1.256,1.745,2.2,2.564,1.823,0.604,0.6,0.503,1.273,0.83,sampling_noiseless,1,prereg
088d834d1176ce093addc6b9,3.73,1.925,1.351,1.677,1.092,2.061,0.934,0.627,0.7,1.115,0.804,sampling_noiseless,1,prereg
ee328da755bccd335ec5b70b,1.303,1.459,0.928,0.607,0.633,0.46,0.57,0.303,0.3,0.621,0.999,sampling_noiseless,1,prereg
fcdbf0b59ed6088656bb3a61,4.267,2.353,0.762,1.089,0.64,1.159,0.611,0.477,0.493,0.58,0.909,sampling_noiseless,1,prereg
5788dc7d7edf6bb30b220150,1.939,46.061,0.95,0.761,1.302,0.542,1.188,1.079,0.784,0.753,0.742,sampling_noiseless,1,prereg
b95b290b69efd79617f6ee95,6.306,8.651,3.403,1.739,2.388,3.442,1.668,2.197,4.375,2.023,2.343,sampling_noiseless,1,prereg
b817deedb9f1818965eb35d3,4.401,4.987,1.836,2.88,1.475,1.599,0.967,1.202,1.074,0.923,1.379,sampling_noiseless,1,prereg
8f51b6f70e0189ec23fc16a9,4.313,1.979,0.453,1.954,0.957,1.303,1.883,1.048,2.403,2.933,1.141,sampling_noiseless,1,prereg
422cd8aa06d94a0d1516f980,11.747,11.844,12.803,6.647,2.807,9.72,10.434,15.058,7.177,6.689,6.829,sampling_noiseless,1,prereg
a78811f40693ee781763523f,2.602,1.302,1.454,1.292,2.748,1.007,0.907,1.213,1.529,1.612,1.394,sampling_noiseless,1,prereg
fe73117d331f39081c03ddbb,4.162,2.497,1.126,1.022,1.072,1.163,1.105,0.918,0.901,2.156,1.921,sampling_noiseless,1,prereg
69c1bf449037dcc2efceb2ce,17.12,11.141,8.132,7.737,15.94,9.339,11.2,13.342,8.473,21.903,11.564,sampling_noiseless,1,prereg
ddb24fae65ec923337b5a310,7.232,9.457,8.245,6.182,1.728,2.981,1.553,1.989,8.326,2.369,2.031,sampling_noiseless,1,prereg
638d73de8c5e2f93628cd3c4,6.384,1.924,1.328,1.345,1.894,1.278,1.332,1.173,1.016,1.223,1.067,sampling_noiseless,1,prereg
2dc10e09abe0c9ca40a914c5,5.627,2.172,1.233,1.344,5.099,4.032,1.291,2.518,0.809,1.017,1.812,sampling_noiseless,1,prereg
66120c1c8ce3ef6386b02c34,2.371,0.987,3.063,1.171,0.868,0.721,0.749,0.78,1.032,0.778,1.828,sampling_noiseless,1,prereg
0de1797b131d0a11b05f078d,5.48,5.301,2.901,2.517,2.374,2.562,2.544,2.743,2.32,1.902,1.745,sampling_noiseless,1,prereg
2eb8dd9d3eec8792c163fe4b,33.943,12.203,9.938,12.602,11.472,9.159,9.193,11.929,10.864,10.414,18.962,sampling_noiseless,1,prereg
07c62c4a7953d0fcac4e41fc,1.954,3.877,0.617,0.426,0.334,0.401,0.521,0.282,0.467,0.363,0.359,sampling_noiseless,1,prereg
f7a8fda3244ec0c41e102c5f,9.712,2.663,2.867,6.238,2.643,1.822,1.461,2.535,3.544,4.115,3.383,sampling_noiseless,1,prereg
78c07144b21fd77dade26ff7,1.895,0.447,0.429,0.492,0.206,0.481,0.377,0.389,0.361,0.37,0.407,sampling_noiseless,1,prereg
085356c47cd40e53aaa4c1f6,10.11,1.504,1.859,1.599,1.056,4.904,1.68,1.105,1.593,1.307,1.792,sampling_noiseless,1,prereg
f1706d1346202723b2f9a9ef,3.703,7.641,6.182,1.484,1.709,1.25,1.435,1.071,1.054,1.1,2.964,sampling_noiseless,1,prereg
6ce67313af92e2be7fce38ff,3.515,1.034,1.496,0.86,1.093,0.764,0.932,0.959,0.684,0.78,1.079,sampling_noiseless,1,prereg
333b09e6fff3798319328b47,5.702,9.101,2.35,2.365,2.243,1.598,1.544,1.439,2.36,1.371,4.024,sampling_noiseless,1,prereg
a7321f5d2c60bc2ef21aa4b5,1.829,1.207,0.878,0.57,0.565,0.626,1.06,0.565,0.727,1.981,1.898,sampling_noiseless,1,prereg
efb271e1b8c9cc68fb5b863b,2.821,3.626,2.515,0.59,0.96,0.958,0.868,0.866,1.487,0.686,1.003,sampling_noiseless,1,prereg
d9c7fb9c35898723f12e6983,5.333,4.112,3.665,3.145,2.421,2.63,3.209,2.314,2.052,2.392,2.265,sampling_noiseless,1,prereg
e79882a5da28b9afa855f7aa,2.953,1.347,1.277,1.114,1.55,0.774,3.396,1.7,2.047,1.484,2.431,sampling_noiseless,1,prereg
d70325f4018fb1e1838b2671,3.559,4.289,3.139,2.216,1.014,1.361,0.911,3.772,2.166,1.839,2.917,sampling_noiseless,1,prereg
e513027b84a7660eb2a21cd4,8.786,14.562,2.769,1.963,1.541,8.778,2.365,2.745,1.097,2.794,1.602,sampling_noiseless,1,prereg
847995815f241183194fad47,4.282,3.086,1.699,1.004,0.886,0.919,0.813,1.198,1.485,1.625,1.205,sampling_noiseless,1,prereg
b308e743355b5c9438cda8b1,2.138,3.559,0.869,0.769,0.828,0.676,0.735,1.066,2.72,0.803,0.936,sampling_noiseless,1,prereg
69c53a2462f76a0e84a45d77,2.379,1.69,1.129,1.518,0.947,0.753,1.311,1.303,1.315,0.771,0.673,sampling_noiseless,1,prereg
2080f51ecff67e697ddc7146,3.061,2.83,1.707,1.372,1.271,2.163,1.323,1.252,1.278,1.346,1.568,sampling_noiseless,1,prereg
0c35b17a1a1b0f5836d6d875,4.297,2.898,1.542,2.727,1.999,2.756,2.253,2.062,1.428,2.385,1.049,sampling_noiseless,1,prereg
074141c5b7713d5a932a00b9,10.613,6.769,2.564,3.92,2.392,1.414,1.197,3.947,1.722,7.448,2.056,sampling_noiseless,1,prereg
846e224586d7f4ec77f356c3,1.818,2.646,1.017,0.675,0.622,0.61,1.094,0.648,2.646,0.715,0.851,sampling_noiseless,1,prereg
7c32f6e620c6724887668e84,11.582,11.235,4.24,2.782,3.322,2.248,2.899,2.435,2.547,10.415,2.656,sampling_noiseless,1,prereg
e8cebf0ff5d9d5706de7d539,3.848,1.015,1.299,1.085,0.986,0.798,0.649,0.786,0.636,0.832,0.903,sampling_noiseless,1,prereg
fdc8f57ea049962e51b17ca5,6.336,3.922,1.928,1.692,2.823,1.457,1.679,5.825,2.473,1.638,1.633,sampling_noiseless,1,prereg
dc69d01e6bbc8394202acbc3,24.603,7.453,7.667,8.01,6.037,7.906,7.723,7.592,7.561,8.557,47.792,sampling_noiseless,1,prereg
8bca4883ecc90150bf23004d,4.56,2.152,3.329,0.798,1.162,0.694,0.748,0.705,0.77,0.739,1.169,sampling_noiseless,1,prereg
caf4fb6c9183b56c082e023b,1.327,0.958,0.697,0.47,0.503,0.534,0.517,0.481,0.499,0.592,0.527,sampling_noiseless,1,prereg
0ad32f8504c002b5b5616437,4.116,2.494,4.284,1.801,1.179,0.961,0.984,1.045,1.043,0.816,0.876,sampling_noiseless,1,prereg
fcb6a3c874fb7f3469b04fb5,11.006,6.772,21.737,7.387,3.208,3.247,3.387,2.429,2.42,9.036,3.651,sampling_noiseless,1,prereg
86c25b5b69cd678246c6b724,2.48,23.48,3.689,3.407,2.794,4.19,2.789,3.53,2.941,2.828,2.878,sampling_noiseless,1,prereg
88c98bb93a5f68ffd8b54a5e,5.447,4.421,1.736,0.784,0.784,0.717,0.695,3.279,0.778,1.798,0.844,sampling_noiseless,1,prereg
0b52afcb49bdcbd588c7f058,15.832,9.761,4.496,6.808,5.736,3.925,8.31,2.979,3.995,2.311,5.337,sampling_noiseless,1,prereg
550d6aea725b07599465133f,3.81,3.361,3.478,2.062,1.622,1.23,3.018,1.685,0.908,0.659,1.411,sampling_noiseless,1,prereg
674785965cfc53b4f36fb24d,11.671,6.444,7.057,15.245,3.602,10.341,1.514,5.921,1.018,0.792,0.859,sampling_noiseless,1,prereg
946a289743181511f80c3158,11.171,2.075,1.587,2.076,1.52,2.645,1.733,1.099,1.257,1.574,0.994,sampling_noiseless,1,prereg
ded07dcd999971635430fa46,5.738,4.507,2.544,5.168,0.937,1.256,1.414,0.995,1.026,1.201,0.802,sampling_noiseless,1,prereg
0ac0b28c4c2a54ba0077ecf0,2.159,13.634,3.288,3.272,3.115,3.917,2.396,2.924,2.692,2.997,2.836,sampling_noiseless,1,prereg
b8adbfce657986ac1ff348fb,5.659,1.835,2.388,0.916,0.732,3.38,1.328,4.952,2.726,4.73,1.658,sampling_noiseless,1,prereg
e3aa4c71bf953847fd76ecb6,8.74,5.866,2.306,3.414,2.605,5.189,1.783,1.674,5.762,2.758,3.176,sampling_noiseless,1,prereg
302dfab0e85c0f5d3a6e99e7,6.581,2.281,1.988,1.149,1.22,1.091,0.701,1.152,0.859,0.841,0.808,sampling_noiseless,1,prereg
5bb9ee22ffc6bfababfc094d,1.642,1.29,1.244,3.428,0.633,0.529,0.514,0.573,0.539,0.489,0.786,sampling_noiseless,1,prereg
a59962577ac7ab899c2e39e5,9.782,2.836,1.65,3.322,1.415,0.948,0.997,1.623,1.479,2.826,0.749,sampling_noiseless,1,prereg
8c9996e61c502de10ae0ca65,1.742,0.791,0.905,0.394,0.484,0.424,0.622,0.429,0.339,0.393,0.427,sampling_noiseless,1,prereg
cda2d8510ade9935c954b041,48.731,12.37,6.337,5.629,6.312,4.617,4.825,4.812,4.369,5.733,9.776,sampling_noiseless,1,prereg
84f756e7c1d32031cd782297,3.712,2.566,2.693,1.367,1.948,1.971,3.082,1.982,1.058,0.871,1.86,sampling_noiseless,1,prereg
55fd5cced7cdf19f9c908cf0,7.443,3.118,2.126,0.965,1.373,1.18,0.967,0.856,0.8,1.796,1.935,sampling_noiseless,1,prereg
405af47570e6b986158d3171,15.936,5.502,3.035,4.084,2.929,2.758,1.936,2.198,1.641,2.395,2.37,sampling_noiseless,1,prereg
37b23e5857c47d40b31c54f7,4.035,3.204,1.705,2.186,2.406,1.217,1.477,1.56,1.847,1.29,1.158,sampling_noiseless,1,prereg
3a55d0b0cd029367f3dd5fca,4.572,1.333,0.983,0.86,0.854,0.901,0.812,0.787,0.786,1.399,0.774,sampling_noiseless,1,prereg
a140009e7391b3b3588fa886,7.881,3.102,2.139,0.944,2.476,1.117,1.273,1.216,6.722,6.945,2.844,sampling_noiseless,1,prereg
cae171db59152aef3a19e8f2,3.855,0.907,2.345,1.451,1.018,0.499,0.565,4.077,0.903,0.655,0.539,sampling_noiseless,1,prereg
f8226c47ca378883ddeacaf8,8.617,2.474,4.867,3.501,1.006,0.912,0.86,1.176,0.936,3.444,1.166,sampling_noiseless,1,prereg
4834889eeb81ffd0a7b135cb,7.202,1.374,1.181,1.336,1.108,1.041,0.937,1.065,1.259,1.648,2.531,sampling_noiseless,1,prereg
6e90a01189c1cd4eb8484c8a,3.425,2.624,1.941,3.801,1.022,1.726,0.63,1.123,0.793,0.734,0.614,sampling_noiseless,1,prereg
ff963fac5d2374ea8b545696,20.353,3.462,4.734,2.157,2.669,3.036,2.866,4.579,2.426,1.914,2.235,sampling_noiseless,1,prereg
3f58bf719f02b09889286e73,9.033,1.429,7.364,17.868,11.598,1.845,5.864,5.235,12.875,15.494,46.408,sampling_noiseless,1,prereg
8134f7fe40ae4d3d93543053,1.938,1.191,0.83,0.891,1.461,1.69,1.028,0.737,1.046,0.874,0.959,sampling_noiseless,1,prereg
66abb1231d9c104ce28e627f,15.214,3.434,3.217,4.805,6.287,1.411,2.599,2.111,1.903,3.366,3.83,sampling_noiseless,1,prereg
b0e681ee052bd0933567070e,3.043,1.072,0.602,1.07,1.063,0.848,0.918,1.15,1.191,0.94,1.536,sampling_noiseless,1,prereg
e221ad2857e6f8a9ac57129e,3.675,3.854,2.787,2.131,1.514,2.299,2.548,2.355,1.666,1.47,1.28,sampling_noiseless,1,prereg
a6ce3c05050e1ce3c528f8a3,5.708,1.906,1.313,0.675,0.776,0.577,0.483,0.512,0.463,0.506,0.931,sampling_noiseless,1,prereg
9a38f3c8db231a28c095cad6,8.724,1.035,1.212,1.714,1.781,2.759,1.825,0.929,1.626,2.714,2.614,sampling_noiseless,1,prereg
ac919e8e27f2d72ff9c9f67c,6.037,1.646,1.004,0.832,0.844,0.802,0.704,0.977,0.759,0.863,2.477,sampling_noiseless,1,prereg
6959397111a9260261b3983d,3.588,4.109,0.843,13.801,1.774,1.673,1.524,2.702,1.101,1.459,0.83,sampling_noiseless,1,prereg
aaabfd2adff8669f8b90e124,4.804,1.814,2.448,1.1,1.353,1.436,1.832,1.137,1.781,0.975,1.577,sampling_noiseless,1,prereg
17eb17d2013b8755a42c3cc2,2.845,18.969,10.3,4.831,3.508,2.278,3.223,2.227,2.095,2.51,1.955,sampling_noiseless,1,prereg
c6a858400bd89e6d31b5aede,4.901,3.585,2.247,1.872,2.797,3.214,2.575,1.747,2.348,1.414,1.737,sampling_noiseless,1,prereg
733ffefa6a5f3b76cc3fa38c,9.016,2.933,3.39,3.059,2.793,3.377,3.485,2.839,3.234,2.618,2.1,sampling_noiseless,1,prereg
87d963aa46d9cd6a955a42ab,5.856,2.172,2.686,2.667,1.643,1.817,1.303,2.799,0.893,0.797,1.055,sampling_noiseless,1,prereg
5bc6f1f8784b192400cb45a5,6.575,3.301,5.278,4.279,10.062,1.475,6.349,2.648,3.451,3.533,4.788,sampling_noiseless,1,prereg
ab837f7ee8fab954f07e9c3f,3.342,1.403,0.606,0.751,0.604,21.165,1.029,1.144,1.362,0.87,0.901,sampling_noiseless,1,prereg
287bccbedf633848132a4c06,4.326,1.266,1.281,1.467,2.043,1.121,1.07,1.359,1.536,1.296,1.229,sampling_noiseless,1,prereg
1954243267c2ce5575fecfeb,6.864,3.734,4.134,2.582,2.224,2.096,2.628,2.355,1.435,1.327,1.879,sampling_noiseless,1,prereg
5266767a88a45f1bad49864c,10.801,9.066,4.543,1.707,2.681,2.214,5.401,2.291,3.552,2.252,2.401,sampling_noiseless,1,prereg
7344fbae7361c50b719b54e0,11.407,9.779,4.375,3.307,2.626,1.906,2.398,1.949,1.557,1.726,1.783,sampling_noiseless,1,prereg
e71d0a9dc5b3fbfb4bf17970,31.913,8.575,5.682,6.64,7.163,8.096,6.985,15.734,3.58,1.034,13.3,sampling_noiseless,1,prereg
5f4fea3554aaa86659445438,7.724,3.072,2.384,1.937,2.81,5.023,3.208,2.466,1.99,1.921,2.27,sampling_noiseless,1,prereg
25fdc0e49c2267b8639c911a,2.554,1.335,0.829,0.423,0.686,1.816,0.697,0.829,0.813,0.76,0.49,sampling_noiseless,1,prereg
7df83c320b8de4413ded8b33,3.7,4.398,1.43,1.033,1.147,0.722,0.8,0.817,1.432,0.804,1.072,sampling_noiseless,1,prereg
9d4dea2d9057139c7caeebd9,11.528,4.605,4.263,2.835,2.92,1.48,1.385,1.22,3.249,2.372,0.881,sampling_noiseless,1,prereg
b28bcf68392e975a2200d9b5,9.225,4.617,3.625,2.664,1.828,2.557,1.588,1.683,1.679,1.356,1.755,sampling_noiseless,1,prereg
8d5f181fd4692f0154da5ce9,5.118,1.664,1.479,2.018,1.226,0.925,0.94,1.075,1.184,1.121,1.154,sampling_noiseless,1,prereg
1aaa240b0584c3274245aabb,14.363,9.516,4.23,3.661,3.198,2.876,3.884,2.05,3.753,2.432,1.668,sampling_noiseless,1,prereg
f009684f19e0549dc07f8f2f,3.067,0.183,0.856,1.412,1.134,1.318,0.652,0.767,0.766,0.736,0.658,sampling_noiseless,1,prereg
8e4db376344136cce3e1923f,14.99,5.237,3.849,3.248,44.924,5.285,3.088,3.291,3.851,3.9,4.034,sampling_noiseless,1,prereg
5c988f64541bdf7ffa8129a0,10.7,2.057,1.803,1.47,1.287,1.238,1.006,1.933,1.233,1.074,0.689,sampling_noiseless,1,prereg
4fd7f81dd9ce6d7271157ad3,2.724,1.502,0.963,1.275,0.762,0.85,0.96,0.924,1.133,1.09,1.129,sampling_noiseless,1,prereg
cec8fcd358e925d9a6a114d0,5.963,2.456,1.029,1.101,0.997,2.035,1.302,1.099,0.917,0.841,3.439,sampling_noiseless,1,prereg
e4d7b67f8d64fac1c309b007,5.131,2.064,2.044,1.147,0.855,1.755,1.835,2.807,3.045,1.226,1.135,sampling_noiseless,1,prereg
a974c80a90dfac934c964f5e,6.511,4.822,3.19,3.329,2.237,0.511,3.207,1.526,1.881,1.767,2.59,sampling_noiseless,1,prereg
bd4b19846b54c0c883ed2599,10.137,16.276,6.361,4.345,4.951,5.178,5.924,4.303,5.448,3.56,4.457,sampling_noiseless,1,prereg
7426fc8a6a9d50fa42da87d5,10.027,3.452,2.687,2.34,1.891,2.263,1.121,1.709,1.218,4.345,2.95,sampling_noiseless,1,prereg
182f0331fa82c7adbe8c25d5,6.193,7.363,4.682,5.933,3.315,2.107,2.089,2.863,1.401,0.94,0.873,sampling_noiseless,1,prereg
0faa6119e253a58ab6e8c0cf,8.191,7.15,0.663,1.724,1.452,0.652,0.816,0.743,0.459,0.213,0.108,sampling_noiseless,1,prereg
0ca4aba8a4c6db57c915a479,8.273,2.897,2.899,2.196,0.923,1.02,0.913,1.054,0.932,3.576,1.689,sampling_noiseless,1,prereg
6d3799138188a1d0fd22519c,23.08,3.2,1.899,1.757,0.902,0.955,1.107,0.967,0.964,0.815,8.063,sampling_noiseless,1,prereg
e92a6f2a1e7ef12c553be7ee,3.194,4.113,3.85,33.609,,,,,,,,sampling_noiseless,1,prereg
