id,round1_combined_array,df
000000000000000000000000,"[1.68,1.88];[2.07,0.05];[1.30,1.48];[0.05,0.30];[1.05,1.30];[1.48,1.68];[0.70,0.88];[0.50,0.70];[0.88,1.05];[0.30,0.50];[1.88,2.07]",v21
,"[1.48,1.68];[0.50,0.70];[1.88,2.07];[0.70,0.88];[1.68,1.88];[0.05,0.30];[2.07,0.05];[1.30,1.48];[1.05,1.30];[0.30,0.50];[0.88,1.05]",v21
e9230c547a682c28fb4d256f,"[1.30,1.48];[1.68,1.88];[1.88,2.07];[0.70,0.88];[0.50,0.70];[1.48,1.68];[0.30,0.50];[0.05,0.30];[2.07,0.05];[1.05,1.30];[0.88,1.05]",v21
283410eb1dd716c2959cf04b,"[1.05,1.30];[0.30,0.50];[1.88,2.07];[0.70,0.88];[1.30,1.48];[2.07,0.05];[1.68,1.88];[0.88,1.05];[1.48,1.68];[0.50,0.70];[0.05,0.30]",v21
9d077ee0349a04a2ee179b22,"[0.30,0.50];[1.30,1.48];[1.48,1.68];[0.05,0.30];[0.50,0.70];[1.05,1.30];[0.70,0.88];[0.88,1.05];[2.07,0.05];[1.68,1.88];[1.88,2.07]",v21
,"[0.05,0.30];[1.68,1.88];[1.48,1.68];[1.30,1.48];[1.88,2.07];[2.07,0.05];[0.70,0.88];[0.30,0.50];[0.88,1.05];[0.50,0.70];[1.05,1.30]",v21
edbfa03eea2e34864385c717,"[1.05,1.30];[1.68,1.88];[0.30,0.50];[1.30,1.48];[0.88,1.05];[0.05,0.30];[2.07,0.05];[0.70,0.88];[1.48,1.68];[0.50,0.70];[1.88,2.07]",v21
ef60ac205f1fa4bbccb377c9,"[1.05,1.30];[1.68,1.88];[1.30,1.48];[1.48,1.68];[0.88,1.05];[0.05,0.30];[0.70,0.88];[0.30,0.50];[0.50,0.70];[2.07,0.05];[1.88,2.07]",v21
29e4e5f19ddf6a35c53ce1af,"[2.07,0.05];[0.50,0.70];[0.30,0.50];[1.30,1.48];[1.88,2.07];[0.88,1.05];[0.70,0.88];[0.05,0.30];[1.68,1.88];[1.48,1.68];[1.05,1.30]",v21
c2f81947206cf7fd16c88bbc,"[1.68,1.88];[1.05,1.30];[1.30,1.48];[0.50,0.70];[2.07,0.05];[0.30,0.50];[1.88,2.07];[0.88,1.05];[1.48,1.68];[0.70,0.88];[0.05,0.30]",v21
c3ade138f972c764199a07a5,"[0.30,0.50];[1.48,1.68];[1.05,1.30];[0.05,0.30];[0.50,0.70];[0.88,1.05];[0.70,0.88];[1.68,1.88];[2.07,0.05];[1.30,1.48];[1.88,2.07]",v21
86f7683e65f71e256b7bdbfd,"[1.48,1.68];[0.05,0.30];[0.30,0.50];[1.30,1.48];[0.50,0.70];[1.88,2.07];[0.88,1.05];[1.05,1.30];[1.68,1.88];[0.70,0.88];[2.07,0.05]",v21
388018a3145faf1696529263,"[1.48,1.68];[0.50,0.70];[1.88,2.07];[2.07,0.05];[0.70,0.88];[1.30,1.48];[0.05,0.30];[1.05,1.30];[0.30,0.50];[1.68,1.88];[0.88,1.05]",v21
f44273de2d1bd4abef539772,"[0.30,0.50];[0.05,0.30];[1.48,1.68];[1.88,2.07];[0.88,1.05];[0.70,0.88];[1.05,1.30];[1.68,1.88];[0.50,0.70];[2.07,0.05];[1.30,1.48]",v21
fcbbeda89e7aa1d00c40bac5,"[0.05,0.30];[0.50,0.70];[0.70,0.88];[0.30,0.50];[2.07,0.05];[1.68,1.88];[1.30,1.48];[1.88,2.07];[1.05,1.30];[0.88,1.05];[1.48,1.68]",v21
89cd27f4077108726c1c1285,"[1.68,1.88];[2.07,0.05];[0.50,0.70];[1.48,1.68];[0.05,0.30];[1.05,1.30];[0.30,0.50];[0.70,0.88];[1.88,2.07];[1.30,1.48];[0.88,1.05]",v21
e01ec8af40bc925b71a876d6,"[1.88,2.07];[1.30,1.48];[1.48,1.68];[0.88,1.05];[0.70,0.88];[0.30,0.50];[2.07,0.05];[1.68,1.88];[0.50,0.70];[1.05,1.30];[0.05,0.30]",v21
917804e460d51174e3c2d4e8,"[2.07,0.05];[1.68,1.88];[1.88,2.07];[1.05,1.30];[0.70,0.88];[1.48,1.68];[0.88,1.05];[0.30,0.50];[0.05,0.30];[0.50,0.70];[1.30,1.48]",v21
2beb7959c9674324375e5df4,"[0.50,0.70];[1.48,1.68];[0.05,0.30];[1.05,1.30];[1.30,1.48];[2.07,0.05];[1.68,1.88];[0.30,0.50];[0.88,1.05];[1.88,2.07];[0.70,0.88]",v21
1b41b2d4c63b7a6141c8b4b1,"[0.50,0.70];[1.48,1.68];[1.30,1.48];[1.68,1.88];[2.07,0.05];[1.05,1.30];[0.70,0.88];[0.30,0.50];[0.88,1.05];[0.05,0.30];[1.88,2.07]",v21
89a4dd19e27017987fb6e53a,"[0.05,0.30];[1.05,1.30];[1.48,1.68];[0.30,0.50];[1.68,1.88];[0.88,1.05];[1.30,1.48];[1.88,2.07];[2.07,0.05];[0.50,0.70];[0.70,0.88]",v21
0cc7ab8697aff8fd5bad5f56,"[0.50,0.70];[1.30,1.48];[2.07,0.05];[0.70,0.88];[0.30,0.50];[0.05,0.30];[1.68,1.88];[0.88,1.05];[1.48,1.68];[1.05,1.30];[1.88,2.07]",v21
688960843dbc28b8c9ccfaa0,"[0.70,0.88];[0.50,0.70];[1.68,1.88];[1.48,1.68];[1.05,1.30];[0.88,1.05];[0.30,0.50];[1.30,1.48];[2.07,0.05];[0.05,0.30];[1.88,2.07]",v21
6b672990ab82ee8ee2887cd0,"[1.88,2.07];[0.70,0.88];[0.05,0.30];[1.48,1.68];[1.05,1.30];[2.07,0.05];[0.30,0.50];[0.88,1.05];[1.30,1.48];[0.50,0.70];[1.68,1.88]",v21
8346129cb4d9159d806ca091,"[0.05,0.30];[0.50,0.70];[0.30,0.50];[0.88,1.05];[1.68,1.88];[1.48,1.68];[2.07,0.05];[1.05,1.30];[1.88,2.07];[0.70,0.88];[1.30,1.48]",v21
65acbee1e9e61f58f7b77065,"[0.30,0.50];[1.30,1.48];[1.68,1.88];[0.70,0.88];[1.05,1.30];[2.07,0.05];[1.88,2.07];[0.05,0.30];[0.50,0.70];[0.88,1.05];[1.48,1.68]",v21
f74dc030b81adab97208d382,"[1.30,1.48];[0.50,0.70];[0.70,0.88];[1.48,1.68];[0.30,0.50];[1.68,1.88];[0.88,1.05];[0.05,0.30];[2.07,0.05];[1.88,2.07];[1.05,1.30]",v21
9afdf9c5f24362dbbd69d3b0,"[0.88,1.05];[2.07,0.05];[1.48,1.68];[0.50,0.70];[1.88,2.07];[1.30,1.48];[0.70,0.88];[1.68,1.88];[0.05,0.30];[1.05,1.30];[0.30,0.50]",v21
01b581fccbaa63f48a6f80dd,"[1.48,1.68];[0.50,0.70];[1.68,1.88];[0.30,0.50];[2.07,0.05];[0.70,0.88];[1.88,2.07];[1.05,1.30];[0.05,0.30];[0.88,1.05];[1.30,1.48]",v21
2d20f9e7fa1b7d8122d61e83,"[0.05,0.30];[1.48,1.68];[0.30,0.50];[2.07,0.05];[0.50,0.70];[1.88,2.07];[1.68,1.88];[1.05,1.30];[0.88,1.05];[0.70,0.88];[1.30,1.48]",v21
8a0b6a9b50e5954c9b7434cb,"[1.68,1.88];[2.07,0.05];[0.70,0.88];[1.30,1.48];[1.88,2.07];[1.05,1.30];[1.48,1.68];[0.50,0.70];[0.05,0.30];[0.30,0.50];[0.88,1.05]",v21
7af635fb4f5d1c9b03ef8ac6,"[0.50,0.70];[1.68,1.88];[0.88,1.05];[0.70,0.88];[2.07,0.05];[1.30,1.48];[0.30,0.50];[0.05,0.30];[1.48,1.68];[1.05,1.30];[1.88,2.07]",v21
86ebe03cd2057c6b25110319,"[0.30,0.50];[1.05,1.30];[1.88,2.07];[1.48,1.68];[1.30,1.48];[0.05,0.30];[2.07,0.05];[0.88,1.05];[0.50,0.70];[1.68,1.88];[0.70,0.88]",v21
,"[1.30,1.48];[0.30,0.50];[1.68,1.88];[1.05,1.30];[1.88,2.07];[0.05,0.30];[2.07,0.05];[0.70,0.88];[0.88,1.05];[0.50,0.70];[1.48,1.68]",v21
,"[0.05,0.30];[2.07,0.05];[0.50,0.70];[0.88,1.05];[1.48,1.68];[1.68,1.88];[0.70,0.88];[0.30,0.50];[1.05,1.30];[1.30,1.48];[1.88,2.07]",v21
,"[2.07,0.05];[0.50,0.70];[0.70,0.88];[1.68,1.88];[1.88,2.07];[0.05,0.30];[0.30,0.50];[1.48,1.68];[1.30,1.48];[0.88,1.05];[1.05,1.30]",v21
,"[0.70,0.88];[0.30,0.50];[0.88,1.05];[1.48,1.68];[1.68,1.88];[2.07,0.05];[1.88,2.07];[1.30,1.48];[0.50,0.70];[1.05,1.30];[0.05,0.30]",v21
,"[0.70,0.88];[2.07,0.05];[0.50,0.70];[1.30,1.48];[1.88,2.07];[0.30,0.50];[1.68,1.88];[1.48,1.68];[0.88,1.05];[1.05,1.30];[0.05,0.30]",v21
010422c219a70d09fc855ffe,"[1.88,2.07];[1.05,1.30];[2.07,0.05];[0.88,1.05];[1.30,1.48];[0.05,0.30];[1.48,1.68];[0.70,0.88];[0.30,0.50];[0.50,0.70];[1.68,1.88]",v21
,"[0.50,0.70];[1.05,1.30];[0.88,1.05];[1.68,1.88];[2.07,0.05];[0.70,0.88];[0.05,0.30];[1.30,1.48];[0.30,0.50];[1.48,1.68];[1.88,2.07]",v21
9d887541722c3b46d6e24220,"[0.88,1.05];[0.50,0.70];[1.05,1.30];[1.48,1.68];[0.30,0.50];[1.30,1.48];[0.70,0.88];[2.07,0.05];[1.88,2.07];[0.05,0.30];[1.68,1.88]",v21
f1c6ff6df70819242dc9859f,"[1.68,1.88];[0.05,0.30];[0.50,0.70];[1.88,2.07];[2.07,0.05];[0.30,0.50];[1.30,1.48];[1.05,1.30];[0.88,1.05];[1.48,1.68];[0.70,0.88]",v21
,"[1.68,1.88];[1.30,1.48];[0.50,0.70];[1.88,2.07];[0.30,0.50];[0.88,1.05];[0.70,0.88];[0.05,0.30];[1.05,1.30];[1.48,1.68];[2.07,0.05]",v21
,"[2.07,0.05];[1.30,1.48];[0.70,0.88];[0.88,1.05];[0.30,0.50];[0.50,0.70];[1.05,1.30];[1.88,2.07];[1.68,1.88];[1.48,1.68];[0.05,0.30]",v21
,"[1.05,1.30];[0.05,0.30];[0.50,0.70];[1.48,1.68];[1.88,2.07];[1.68,1.88];[1.30,1.48];[0.88,1.05];[0.30,0.50];[0.70,0.88];[2.07,0.05]",v21
81e4dff987e53394d56ae5fb,"[1.48,1.68];[1.88,2.07];[1.68,1.88];[0.30,0.50];[0.88,1.05];[0.70,0.88];[1.30,1.48];[0.05,0.30];[0.50,0.70];[2.07,0.05];[1.05,1.30]",v21
89043b747a297a2a0d2c5733,"[2.07,0.05];[1.30,1.48];[1.88,2.07];[1.68,1.88];[0.70,0.88];[0.88,1.05];[0.05,0.30];[1.48,1.68];[0.50,0.70];[0.30,0.50];[1.05,1.30]",v21
,"[0.30,0.50];[1.05,1.30];[1.88,2.07];[1.48,1.68];[2.07,0.05];[1.68,1.88];[0.88,1.05];[0.05,0.30];[0.70,0.88];[0.50,0.70];[1.30,1.48]",v21
3a84ecb8fec88c558d909619,"[0.70,0.88];[0.30,0.50];[1.05,1.30];[0.05,0.30];[1.68,1.88];[1.88,2.07];[0.88,1.05];[2.07,0.05];[1.30,1.48];[1.48,1.68];[0.50,0.70]",v21
988ac26df6618299dd4a7db1,"[0.50,0.70];[1.48,1.68];[1.05,1.30];[0.05,0.30];[0.70,0.88];[0.30,0.50];[1.88,2.07];[0.88,1.05];[2.07,0.05];[1.68,1.88];[1.30,1.48]",v21
083a83d72a71043f5a0930ef,"[2.07,0.05];[0.70,0.88];[1.05,1.30];[0.88,1.05];[0.05,0.30];[1.48,1.68];[1.88,2.07];[0.50,0.70];[0.30,0.50];[1.30,1.48];[1.68,1.88]",v21
9991c02884fdebfd46ba99cb,"[0.05,0.30];[1.88,2.07];[0.50,0.70];[0.70,0.88];[0.88,1.05];[1.05,1.30];[1.68,1.88];[1.30,1.48];[1.48,1.68];[0.30,0.50];[2.07,0.05]",v21
1899ae6ff18fd28008ce7567,"[1.05,1.30];[0.50,0.70];[1.48,1.68];[1.88,2.07];[1.68,1.88];[0.05,0.30];[0.70,0.88];[1.30,1.48];[0.88,1.05];[0.30,0.50];[2.07,0.05]",v21
,"[0.70,0.88];[1.05,1.30];[0.30,0.50];[1.68,1.88];[0.88,1.05];[1.88,2.07];[2.07,0.05];[0.05,0.30];[1.30,1.48];[1.48,1.68];[0.50,0.70]",v21
b495c68dd291707ad3fbe37c,"[2.07,0.05];[0.70,0.88];[0.05,0.30];[0.30,0.50];[1.88,2.07];[1.30,1.48];[0.88,1.05];[1.48,1.68];[1.68,1.88];[1.05,1.30];[0.50,0.70]",v21
,"[1.68,1.88];[0.30,0.50];[2.07,0.05];[0.50,0.70];[1.48,1.68];[0.88,1.05];[1.05,1.30];[0.70,0.88];[1.88,2.07];[0.05,0.30];[1.30,1.48]",v21
e2815d0677933d925dfcc6da,"[1.88,2.07];[1.05,1.30];[0.05,0.30];[1.48,1.68];[0.50,0.70];[0.88,1.05];[1.68,1.88];[2.07,0.05];[0.30,0.50];[1.30,1.48];[0.70,0.88]",v21
6bbc923a623ec57f11300152,"[1.05,1.30];[2.07,0.05];[1.68,1.88];[1.88,2.07];[0.70,0.88];[1.48,1.68];[0.05,0.30];[0.50,0.70];[0.30,0.50];[1.30,1.48];[0.88,1.05]",v21
ee20451a06a37ab676bf6a69,"[1.30,1.48];[1.05,1.30];[0.50,0.70];[0.70,0.88];[0.88,1.05];[2.07,0.05];[1.88,2.07];[0.05,0.30];[0.30,0.50];[1.48,1.68];[1.68,1.88]",v21
fd1655bfbb8199b4d08fb377,"[2.07,0.05];[0.05,0.30];[1.05,1.30];[1.48,1.68];[1.30,1.48];[0.88,1.05];[0.30,0.50];[1.68,1.88];[1.88,2.07];[0.50,0.70];[0.70,0.88]",v21
e20c13320fcd8fbf712dfe59,"[0.70,0.88];[0.88,1.05];[1.05,1.30];[0.50,0.70];[1.30,1.48];[0.30,0.50];[2.07,0.05];[0.05,0.30];[1.68,1.88];[1.88,2.07];[1.48,1.68]",v21
d5631a5e02ce4227f2f39566,"[1.30,1.48];[1.48,1.68];[0.70,0.88];[1.68,1.88];[0.30,0.50];[0.50,0.70];[2.07,0.05];[0.05,0.30];[1.05,1.30];[1.88,2.07];[0.88,1.05]",v21
87398a1658ab81f53212931a,"[0.30,0.50];[2.07,0.05];[1.88,2.07];[1.30,1.48];[0.05,0.30];[0.88,1.05];[0.50,0.70];[1.48,1.68];[0.70,0.88];[1.05,1.30];[1.68,1.88]",v21
a73554621d505003811b86cf,"[0.30,0.50];[2.07,0.05];[1.48,1.68];[0.88,1.05];[0.05,0.30];[1.05,1.30];[1.68,1.88];[0.50,0.70];[0.70,0.88];[1.88,2.07];[1.30,1.48]",v21
8b86dd2f7951a6b151afb402,"[1.88,2.07];[1.30,1.48];[0.05,0.30];[0.70,0.88];[0.50,0.70];[1.05,1.30];[0.88,1.05];[1.68,1.88];[2.07,0.05];[1.48,1.68];[0.30,0.50]",v21
148e76a10a047fd69953da27,"[1.68,1.88];[1.48,1.68];[0.05,0.30];[0.88,1.05];[0.50,0.70];[1.88,2.07];[1.30,1.48];[0.30,0.50];[1.05,1.30];[0.70,0.88];[2.07,0.05]",v21
1a5974b629839818f17da72e,"[0.05,0.30];[0.88,1.05];[2.07,0.05];[1.88,2.07];[1.48,1.68];[0.30,0.50];[1.05,1.30];[1.30,1.48];[0.70,0.88];[1.68,1.88];[0.50,0.70]",v21
cc9884db1e27858f01bfa4dc,"[0.50,0.70];[0.30,0.50];[0.05,0.30];[1.05,1.30];[2.07,0.05];[1.30,1.48];[1.88,2.07];[1.48,1.68];[0.70,0.88];[0.88,1.05];[1.68,1.88]",v21
db44846e3d83c45fe22d8664,"[2.07,0.05];[0.88,1.05];[1.05,1.30];[0.50,0.70];[0.70,0.88];[1.30,1.48];[1.48,1.68];[1.68,1.88];[0.30,0.50];[1.88,2.07];[0.05,0.30]",v21
4c228112c81856a8a39cc737,"[1.48,1.68];[1.68,1.88];[2.07,0.05];[1.30,1.48];[0.05,0.30];[0.50,0.70];[1.88,2.07];[1.05,1.30];[0.70,0.88];[0.30,0.50];[0.88,1.05]",v21
,"[0.50,0.70];[2.07,0.05];[1.68,1.88];[1.30,1.48];[0.30,0.50];[0.05,0.30];[0.88,1.05];[1.05,1.30];[1.88,2.07];[0.70,0.88];[1.48,1.68]",v21
449dfaee27a093b028d8e01a,"[1.68,1.88];[2.07,0.05];[0.88,1.05];[1.05,1.30];[0.30,0.50];[1.48,1.68];[1.88,2.07];[1.30,1.48];[0.70,0.88];[0.05,0.30];[0.50,0.70]",v21
3cccbd9e4519ff9dad1954ea,"[1.05,1.30];[1.30,1.48];[0.88,1.05];[0.70,0.88];[1.48,1.68];[1.88,2.07];[1.68,1.88];[0.50,0.70];[0.30,0.50];[0.05,0.30];[2.07,0.05]",v21
dc6324023b33d485749692bf,"[1.68,1.88];[0.05,0.30];[1.30,1.48];[0.50,0.70];[0.30,0.50];[1.48,1.68];[1.88,2.07];[0.88,1.05];[0.70,0.88];[2.07,0.05];[1.05,1.30]",v21
4cc239531bba5fc680d9ede2,"[1.05,1.30];[2.07,0.05];[0.88,1.05];[1.88,2.07];[0.50,0.70];[1.30,1.48];[0.05,0.30];[0.30,0.50];[0.70,0.88];[1.48,1.68];[1.68,1.88]",v21
7269dbb5ef8c2e835889d7fe,"[0.05,0.30];[1.30,1.48];[1.68,1.88];[1.48,1.68];[0.30,0.50];[0.88,1.05];[2.07,0.05];[0.50,0.70];[1.88,2.07];[1.05,1.30];[0.70,0.88]",v21
05e419e13345dfa111861cd2,"[1.68,1.88];[1.05,1.30];[0.05,0.30];[0.30,0.50];[0.50,0.70];[1.88,2.07];[0.70,0.88];[1.48,1.68];[1.30,1.48];[0.88,1.05];[2.07,0.05]",v21
2edaf84e05a9b29d542b299b,"[0.05,0.30];[1.68,1.88];[1.88,2.07];[0.50,0.70];[1.48,1.68];[1.30,1.48];[0.70,0.88];[0.88,1.05];[2.07,0.05];[1.05,1.30];[0.30,0.50]",v21
07a86b35690c50235a09b9c0,"[1.48,1.68];[1.88,2.07];[0.50,0.70];[0.88,1.05];[1.05,1.30];[1.30,1.48];[0.70,0.88];[0.05,0.30];[0.30,0.50];[1.68,1.88];[2.07,0.05]",v21
0ee01e7c1c2128e1d29dd84a,"[0.88,1.05];[0.30,0.50];[0.50,0.70];[1.68,1.88];[0.05,0.30];[1.48,1.68];[1.30,1.48];[1.88,2.07];[0.70,0.88];[2.07,0.05];[1.05,1.30]",v21
33a8d71ee483442914114234,"[1.48,1.68];[0.30,0.50];[1.68,1.88];[0.05,0.30];[1.30,1.48];[0.70,0.88];[0.50,0.70];[1.88,2.07];[0.88,1.05];[1.05,1.30];[2.07,0.05]",v21
d2a3a50358b1025c8612ec3c,"[0.05,0.30];[0.88,1.05];[0.30,0.50];[0.70,0.88];[0.50,0.70];[1.05,1.30];[2.07,0.05];[1.30,1.48];[1.68,1.88];[1.48,1.68];[1.88,2.07]",v21
dc6af1581988d6a86aa4a75b,"[1.48,1.68];[1.30,1.48];[0.05,0.30];[1.88,2.07];[0.70,0.88];[0.30,0.50];[1.68,1.88];[0.50,0.70];[2.07,0.05];[0.88,1.05];[1.05,1.30]",v21
fbc7d2338c839efc41ccb4a6,"[1.30,1.48];[0.70,0.88];[1.48,1.68];[0.88,1.05];[1.68,1.88];[0.50,0.70];[2.07,0.05];[1.88,2.07];[0.30,0.50];[1.05,1.30];[0.05,0.30]",v21
,"[1.48,1.68];[0.88,1.05];[2.07,0.05];[0.05,0.30];[1.30,1.48];[0.70,0.88];[1.68,1.88];[0.30,0.50];[1.05,1.30];[1.88,2.07];[0.50,0.70]",v21
79c6b8df21b45d91f75153f6,"[1.88,2.07];[0.50,0.70];[1.05,1.30];[0.30,0.50];[0.88,1.05];[1.68,1.88];[0.70,0.88];[0.05,0.30];[2.07,0.05];[1.48,1.68];[1.30,1.48]",v21
90c006ae56958122da7b76db,"[0.30,0.50];[0.70,0.88];[0.05,0.30];[2.07,0.05];[0.88,1.05];[0.50,0.70];[1.30,1.48];[1.88,2.07];[1.68,1.88];[1.48,1.68];[1.05,1.30]",v21
d0473a2e18912852fa3b8088,"[1.30,1.48];[0.05,0.30];[1.48,1.68];[0.50,0.70];[0.30,0.50];[1.88,2.07];[1.05,1.30];[0.88,1.05];[2.07,0.05];[0.70,0.88];[1.68,1.88]",v21
c220b1466e1c092d7b6cf870,"[0.70,0.88];[1.88,2.07];[0.50,0.70];[0.88,1.05];[1.05,1.30];[0.30,0.50];[1.68,1.88];[0.05,0.30];[2.07,0.05];[1.48,1.68];[1.30,1.48]",v21
8033984163dd1d26b69c88c2,"[1.05,1.30];[0.88,1.05];[0.30,0.50];[2.07,0.05];[0.70,0.88];[1.48,1.68];[0.50,0.70];[1.30,1.48];[1.88,2.07];[1.68,1.88];[0.05,0.30]",v21
5b76db4e8c8e300f3ab3e0a6,"[0.50,0.70];[1.68,1.88];[1.48,1.68];[1.05,1.30];[1.30,1.48];[2.07,0.05];[1.88,2.07];[0.70,0.88];[0.05,0.30];[0.88,1.05];[0.30,0.50]",v21
6184b5b9b140dfe2c44daed1,"[1.68,1.88];[0.70,0.88];[0.88,1.05];[1.48,1.68];[1.30,1.48];[2.07,0.05];[0.05,0.30];[0.50,0.70];[0.30,0.50];[1.88,2.07];[1.05,1.30]",v21
099fdf333fc6a9cb0aba25e2,"[0.30,0.50];[1.48,1.68];[0.70,0.88];[2.07,0.05];[1.05,1.30];[0.88,1.05];[1.68,1.88];[0.05,0.30];[1.88,2.07];[1.30,1.48];[0.50,0.70]",v21
37e5a952a36230d97c4e5dca,"[1.05,1.30];[0.70,0.88];[1.88,2.07];[1.68,1.88];[1.30,1.48];[1.48,1.68];[2.07,0.05];[0.88,1.05];[0.50,0.70];[0.05,0.30];[0.30,0.50]",v21
4fa629ca6e74caf4d8929605,"[1.68,1.88];[0.30,0.50];[2.07,0.05];[0.50,0.70];[1.48,1.68];[0.70,0.88];[0.88,1.05];[0.05,0.30];[1.30,1.48];[1.88,2.07];[1.05,1.30]",v21
5d516251eb03dec094aa3eb9,"[0.05,0.30];[1.88,2.07];[0.88,1.05];[1.30,1.48];[1.05,1.30];[2.07,0.05];[0.70,0.88];[0.50,0.70];[1.68,1.88];[1.48,1.68];[0.30,0.50]",v21
5c4aad674298491b81360f56,"[0.30,0.50];[0.05,0.30];[0.88,1.05];[1.68,1.88];[0.50,0.70];[1.05,1.30];[1.48,1.68];[2.07,0.05];[0.70,0.88];[1.88,2.07];[1.30,1.48]",v21
0b80b6e00c54a0b016adab22,"[1.05,1.30];[2.07,0.05];[1.68,1.88];[0.30,0.50];[1.48,1.68];[1.30,1.48];[1.88,2.07];[0.88,1.05];[0.70,0.88];[0.50,0.70];[0.05,0.30]",v21
833c77e27efe7bfb0ff08ee3,"[0.70,0.88];[0.05,0.30];[0.30,0.50];[0.50,0.70];[0.88,1.05];[1.48,1.68];[1.30,1.48];[1.68,1.88];[1.05,1.30];[1.88,2.07];[2.07,0.05]",v21
4623cfe27ff7f07d9f40ed37,"[1.68,1.88];[1.48,1.68];[0.70,0.88];[1.05,1.30];[0.50,0.70];[0.88,1.05];[1.88,2.07];[0.30,0.50];[1.30,1.48];[0.05,0.30];[2.07,0.05]",v21
a4ad75b4b0fbfa415fe1f3f9,"[1.68,1.88];[1.88,2.07];[2.07,0.05];[0.05,0.30];[1.30,1.48];[1.48,1.68];[0.70,0.88];[0.88,1.05];[1.05,1.30];[0.50,0.70];[0.30,0.50]",v21
54a49581a07b2b014378e048,"[0.70,0.88];[1.30,1.48];[0.88,1.05];[2.07,0.05];[1.88,2.07];[1.68,1.88];[1.05,1.30];[0.50,0.70];[1.48,1.68];[0.05,0.30];[0.30,0.50]",v21
3378cf3f009614d5769a3011,"[1.05,1.30];[1.48,1.68];[1.68,1.88];[1.30,1.48];[0.70,0.88];[0.88,1.05];[1.88,2.07];[0.30,0.50];[0.50,0.70];[2.07,0.05];[0.05,0.30]",v21
79e81ae1dbc3906b889556c1,"[0.88,1.05];[1.48,1.68];[1.05,1.30];[0.05,0.30];[1.88,2.07];[0.30,0.50];[1.68,1.88];[0.50,0.70];[1.30,1.48];[2.07,0.05];[0.70,0.88]",v21
b994a7122d9685f57bebd1e5,"[2.07,0.05];[0.88,1.05];[1.30,1.48];[0.30,0.50];[0.05,0.30];[1.68,1.88];[1.05,1.30];[1.48,1.68];[1.88,2.07];[0.50,0.70];[0.70,0.88]",v21
76cae26b8a271b50574d282a,"[0.70,0.88];[0.30,0.50];[1.88,2.07];[0.88,1.05];[1.05,1.30];[2.07,0.05];[1.30,1.48];[0.50,0.70];[1.48,1.68];[0.05,0.30];[1.68,1.88]",v21
abc006b5bd4e4247350c060b,"[1.48,1.68];[1.88,2.07];[1.05,1.30];[0.05,0.30];[2.07,0.05];[0.88,1.05];[0.30,0.50];[0.50,0.70];[0.70,0.88];[1.68,1.88];[1.30,1.48]",v21
,"[0.88,1.05];[0.50,0.70];[0.05,0.30];[1.48,1.68];[2.07,0.05];[1.88,2.07];[1.30,1.48];[0.30,0.50];[1.05,1.30];[1.68,1.88];[0.70,0.88]",v21
,"[1.05,1.30];[0.05,0.30];[1.88,2.07];[2.07,0.05];[1.48,1.68];[0.88,1.05];[1.30,1.48];[0.70,0.88];[1.68,1.88];[0.30,0.50];[0.50,0.70]",v21
,"[1.30,1.48];[1.88,2.07];[2.07,0.05];[1.68,1.88];[1.48,1.68];[0.88,1.05];[0.05,0.30];[0.30,0.50];[1.05,1.30];[0.70,0.88];[0.50,0.70]",v21
,"[0.50,0.70];[0.70,0.88];[1.30,1.48];[0.05,0.30];[1.48,1.68];[1.68,1.88];[1.05,1.30];[1.88,2.07];[2.07,0.05];[0.88,1.05];[0.30,0.50]",v21
,"[1.30,1.48];[0.88,1.05];[0.30,0.50];[1.05,1.30];[0.50,0.70];[2.07,0.05];[1.48,1.68];[1.88,2.07];[1.68,1.88];[0.70,0.88];[0.05,0.30]",v21
,"[1.05,1.30];[1.48,1.68];[0.50,0.70];[0.88,1.05];[0.70,0.88];[1.30,1.48];[0.30,0.50];[1.88,2.07];[0.05,0.30];[2.07,0.05];[1.68,1.88]",v21
,"[0.05,0.30];[2.07,0.05];[0.88,1.05];[1.30,1.48];[0.70,0.88];[1.68,1.88];[1.88,2.07];[0.50,0.70];[1.48,1.68];[0.30,0.50];[1.05,1.30]",v21
,"[0.05,0.30];[0.88,1.05];[0.50,0.70];[1.05,1.30];[0.30,0.50];[1.30,1.48];[1.48,1.68];[0.70,0.88];[1.88,2.07];[2.07,0.05];[1.68,1.88]",v21
12e44a0b43a147bd3228ced6,"[1.68,1.88];[1.05,1.30];[0.70,0.88];[0.88,1.05];[0.30,0.50];[0.50,0.70];[1.48,1.68];[2.07,0.05];[1.88,2.07];[1.30,1.48];[0.05,0.30]",v21
c916096138281e52b014e205,"[0.05,0.30];[1.30,1.48];[1.88,2.07];[0.70,0.88];[0.30,0.50];[0.88,1.05];[0.50,0.70];[1.48,1.68];[1.05,1.30];[2.07,0.05];[1.68,1.88]",v21
654c911f56a81fb47f20a6ea,"[2.07,0.05];[1.48,1.68];[1.88,2.07];[0.30,0.50];[1.68,1.88];[0.88,1.05];[0.50,0.70];[1.05,1.30];[1.30,1.48];[0.05,0.30];[0.70,0.88]",v21
f718e28de5d3bdc45bbdf999,"[0.50,0.70];[1.48,1.68];[0.70,0.88];[1.68,1.88];[2.07,0.05];[0.88,1.05];[1.88,2.07];[0.30,0.50];[1.30,1.48];[0.05,0.30];[1.05,1.30]",v21
0ee3941d6516df265c021fad,"[0.70,0.88];[2.07,0.05];[1.48,1.68];[1.68,1.88];[1.05,1.30];[1.30,1.48];[0.05,0.30];[0.30,0.50];[0.50,0.70];[0.88,1.05];[1.88,2.07]",v21
d01763c6c404806402c0d253,"[0.50,0.70];[1.30,1.48];[2.07,0.05];[0.88,1.05];[1.68,1.88];[1.48,1.68];[1.88,2.07];[0.30,0.50];[0.05,0.30];[0.70,0.88];[1.05,1.30]",v21
a4eb7550ee876c2893214bb0,"[1.68,1.88];[0.70,0.88];[1.48,1.68];[1.30,1.48];[0.30,0.50];[0.05,0.30];[1.88,2.07];[0.88,1.05];[1.05,1.30];[2.07,0.05];[0.50,0.70]",v21
80b451bb20c2d089613417c0,"[0.05,0.30];[0.88,1.05];[0.50,0.70];[1.48,1.68];[1.68,1.88];[2.07,0.05];[1.30,1.48];[1.88,2.07];[0.30,0.50];[1.05,1.30];[0.70,0.88]",v21
,"[1.48,1.68];[0.30,0.50];[1.05,1.30];[1.68,1.88];[0.50,0.70];[1.88,2.07];[0.70,0.88];[0.05,0.30];[2.07,0.05];[0.88,1.05];[1.30,1.48]",v21
1ae795013e2d944778cf7f4b,"[1.30,1.48];[0.88,1.05];[0.50,0.70];[1.68,1.88];[0.05,0.30];[1.48,1.68];[1.05,1.30];[2.07,0.05];[0.30,0.50];[1.88,2.07];[0.70,0.88]",v21
5ba33cbf5d94e933f4809ae8,"[1.30,1.48];[0.05,0.30];[0.70,0.88];[1.48,1.68];[0.50,0.70];[1.88,2.07];[1.05,1.30];[0.88,1.05];[0.30,0.50];[1.68,1.88];[2.07,0.05]",v21
bc22268214126d445a787348,"[1.88,2.07];[1.68,1.88];[0.05,0.30];[1.30,1.48];[0.50,0.70];[0.88,1.05];[1.05,1.30];[2.07,0.05];[0.70,0.88];[0.30,0.50];[1.48,1.68]",v21
41bda20a75620450e42b3f98,"[0.88,1.05];[0.05,0.30];[1.05,1.30];[0.50,0.70];[0.70,0.88];[1.30,1.48];[2.07,0.05];[0.30,0.50];[1.48,1.68];[1.68,1.88];[1.88,2.07]",v21
c3be4a2ef4756b2583a98111,"[1.68,1.88];[0.70,0.88];[2.07,0.05];[1.05,1.30];[1.88,2.07];[0.88,1.05];[1.30,1.48];[0.50,0.70];[0.30,0.50];[1.48,1.68];[0.05,0.30]",v21
5e782ef649aeceb719dfe983,"[0.50,0.70];[0.70,0.88];[0.05,0.30];[1.68,1.88];[0.30,0.50];[1.48,1.68];[0.88,1.05];[1.30,1.48];[1.05,1.30];[1.88,2.07];[2.07,0.05]",v21
8a70db71d9ae4c43eb45c99a,"[1.48,1.68];[0.05,0.30];[0.30,0.50];[1.68,1.88];[1.05,1.30];[2.07,0.05];[0.50,0.70];[1.88,2.07];[0.70,0.88];[0.88,1.05];[1.30,1.48]",v21
e5aab10d55ee0fab28e3125c,"[1.88,2.07];[0.05,0.30];[0.50,0.70];[1.05,1.30];[0.88,1.05];[1.48,1.68];[1.68,1.88];[2.07,0.05];[1.30,1.48];[0.70,0.88];[0.30,0.50]",v21
2481fe0fb174e606fe776a1f,"[1.05,1.30];[2.07,0.05];[1.30,1.48];[0.30,0.50];[0.05,0.30];[0.88,1.05];[1.48,1.68];[1.88,2.07];[0.50,0.70];[1.68,1.88];[0.70,0.88]",v21
90047f3d8bbef33b91feea56,"[1.68,1.88];[0.05,0.30];[0.88,1.05];[1.88,2.07];[0.30,0.50];[1.05,1.30];[2.07,0.05];[1.30,1.48];[0.70,0.88];[1.48,1.68];[0.50,0.70]",v21
4330e370ecaa7cd63593f5b6,"[2.07,0.05];[1.05,1.30];[0.70,0.88];[0.05,0.30];[1.30,1.48];[1.88,2.07];[1.48,1.68];[0.88,1.05];[1.68,1.88];[0.50,0.70];[0.30,0.50]",v21
186f2bf4992b2a9aa588c8d7,"[1.88,2.07];[0.88,1.05];[1.48,1.68];[0.30,0.50];[2.07,0.05];[1.30,1.48];[0.50,0.70];[1.05,1.30];[0.70,0.88];[0.05,0.30];[1.68,1.88]",v21
ab376f16434e07bd46658372,"[1.30,1.48];[0.50,0.70];[1.05,1.30];[2.07,0.05];[0.70,0.88];[1.48,1.68];[1.88,2.07];[0.05,0.30];[1.68,1.88];[0.88,1.05];[0.30,0.50]",v21
c035939f407edb17f9296cb0,"[1.05,1.30];[0.05,0.30];[1.88,2.07];[1.68,1.88];[1.48,1.68];[0.70,0.88];[0.88,1.05];[1.30,1.48];[2.07,0.05];[0.30,0.50];[0.50,0.70]",v21
13f6d24fb8f374db978c1af6,"[1.30,1.48];[0.70,0.88];[0.05,0.30];[1.68,1.88];[0.50,0.70];[1.48,1.68];[1.88,2.07];[0.30,0.50];[2.07,0.05];[0.88,1.05];[1.05,1.30]",v21
33bbda72094a599aa7754a48,"[1.88,2.07];[0.88,1.05];[1.68,1.88];[0.30,0.50];[0.05,0.30];[1.48,1.68];[2.07,0.05];[0.70,0.88];[0.50,0.70];[1.30,1.48];[1.05,1.30]",v21
c4e8e30561401af733dbc852,"[1.30,1.48];[1.68,1.88];[1.88,2.07];[0.88,1.05];[0.70,0.88];[1.05,1.30];[0.05,0.30];[2.07,0.05];[0.50,0.70];[0.30,0.50];[1.48,1.68]",v21
1f081a527ce2eb28d4d6f66f,"[0.30,0.50];[0.70,0.88];[0.05,0.30];[2.07,0.05];[1.05,1.30];[1.88,2.07];[1.68,1.88];[1.48,1.68];[0.88,1.05];[0.50,0.70];[1.30,1.48]",v21
77158ca0e23cb1f35b433df2,"[0.05,0.30];[1.48,1.68];[0.88,1.05];[1.05,1.30];[0.30,0.50];[0.50,0.70];[2.07,0.05];[0.70,0.88];[1.68,1.88];[1.88,2.07];[1.30,1.48]",v21
9fdce4221935198ef287778e,"[0.30,0.50];[1.30,1.48];[1.48,1.68];[0.50,0.70];[1.68,1.88];[0.88,1.05];[1.05,1.30];[0.05,0.30];[1.88,2.07];[2.07,0.05];[0.70,0.88]",v21
bcdcbd8453c29d50c1a49b30,"[1.48,1.68];[0.30,0.50];[2.07,0.05];[0.50,0.70];[1.88,2.07];[0.88,1.05];[0.05,0.30];[0.70,0.88];[1.30,1.48];[1.05,1.30];[1.68,1.88]",v21
b92e559a81891653f2aea5bb,"[0.88,1.05];[0.30,0.50];[0.70,0.88];[1.05,1.30];[1.68,1.88];[2.07,0.05];[0.05,0.30];[1.30,1.48];[1.88,2.07];[0.50,0.70];[1.48,1.68]",v21
350980d4450681d21b780e64,"[1.05,1.30];[0.05,0.30];[0.70,0.88];[1.88,2.07];[1.48,1.68];[1.30,1.48];[1.68,1.88];[0.88,1.05];[2.07,0.05];[0.30,0.50];[0.50,0.70]",v21
91a49ed9b1f2edd33958b692,"[2.07,0.05];[1.88,2.07];[1.48,1.68];[0.88,1.05];[1.05,1.30];[1.30,1.48];[0.30,0.50];[0.70,0.88];[0.05,0.30];[0.50,0.70];[1.68,1.88]",v21
1b46e1f688b160ba1da6b308,"[1.88,2.07];[1.30,1.48];[0.70,0.88];[0.05,0.30];[0.30,0.50];[0.50,0.70];[1.68,1.88];[1.05,1.30];[2.07,0.05];[1.48,1.68];[0.88,1.05]",v21
6ca2d0568a238f3a28507abc,"[1.68,1.88];[0.70,0.88];[1.05,1.30];[0.30,0.50];[1.30,1.48];[0.50,0.70];[1.88,2.07];[1.48,1.68];[0.88,1.05];[0.05,0.30];[2.07,0.05]",v21
ab1a50a2887eb2cdcf9fcd20,"[1.88,2.07];[0.30,0.50];[0.70,0.88];[1.05,1.30];[2.07,0.05];[0.88,1.05];[0.05,0.30];[1.68,1.88];[1.30,1.48];[0.50,0.70];[1.48,1.68]",v21
ab1a50a2887eb2cdcf9fcd20,"[0.30,0.50];[1.48,1.68];[1.88,2.07];[0.05,0.30];[1.05,1.30];[1.68,1.88];[2.07,0.05];[0.70,0.88];[0.50,0.70];[1.30,1.48];[0.88,1.05]",v21
73a7f8343115bda490241742,"[1.05,1.30];[1.88,2.07];[0.50,0.70];[0.30,0.50];[0.70,0.88];[1.68,1.88];[0.88,1.05];[1.48,1.68];[2.07,0.05];[0.05,0.30];[1.30,1.48]",v21
95fbd80f391808b8563bd99f,"[0.88,1.05];[0.70,0.88];[1.68,1.88];[0.05,0.30];[0.30,0.50];[1.88,2.07];[0.50,0.70];[1.05,1.30];[1.30,1.48];[1.48,1.68];[2.07,0.05]",v21
41627b6647201f1e5b3b58ea,"[0.70,0.88];[0.50,0.70];[1.48,1.68];[1.05,1.30];[1.30,1.48];[2.07,0.05];[1.88,2.07];[0.88,1.05];[0.05,0.30];[1.68,1.88];[0.30,0.50]",v21
2a00809e9ae4093c27d3885a,"[0.88,1.05];[0.05,0.30];[0.50,0.70];[2.07,0.05];[1.48,1.68];[1.68,1.88];[1.30,1.48];[1.05,1.30];[1.88,2.07];[0.70,0.88];[0.30,0.50]",v21
6f17baea5a5b76f00ae51142,"[1.68,1.88];[0.50,0.70];[1.05,1.30];[2.07,0.05];[0.88,1.05];[1.88,2.07];[0.70,0.88];[1.48,1.68];[1.30,1.48];[0.30,0.50];[0.05,0.30]",v21
,"[0.05,0.30];[0.50,0.70];[1.68,1.88];[2.07,0.05];[1.05,1.30];[1.88,2.07];[0.30,0.50];[0.70,0.88];[1.30,1.48];[1.48,1.68];[0.88,1.05]",v21
,"[1.68,1.88];[1.48,1.68];[1.30,1.48];[2.07,0.05];[0.70,0.88];[1.88,2.07];[0.88,1.05];[1.05,1.30];[0.05,0.30];[0.30,0.50];[0.50,0.70]",v21
,"[0.50,0.70];[0.30,0.50];[0.05,0.30];[1.48,1.68];[1.88,2.07];[0.88,1.05];[1.30,1.48];[2.07,0.05];[1.68,1.88];[1.05,1.30];[0.70,0.88]",v21
,"[1.48,1.68];[0.70,0.88];[2.07,0.05];[1.30,1.48];[1.68,1.88];[0.50,0.70];[0.30,0.50];[0.88,1.05];[1.88,2.07];[1.05,1.30];[0.05,0.30]",v21
f53d608761302ed3bf4f5c72,"[0.05,0.30];[1.30,1.48];[1.48,1.68];[2.07,0.05];[1.88,2.07];[0.50,0.70];[0.88,1.05];[1.68,1.88];[0.70,0.88];[0.30,0.50];[1.05,1.30]",v21
65f574116415b3f3326fc89a,"[0.30,0.50];[2.07,0.05];[0.88,1.05];[1.05,1.30];[0.05,0.30];[1.30,1.48];[0.70,0.88];[1.68,1.88];[0.50,0.70];[1.48,1.68];[1.88,2.07]",v21
ced6ee5a9f0f7e0cf1496a91,"[1.05,1.30];[0.88,1.05];[0.05,0.30];[2.07,0.05];[0.70,0.88];[0.30,0.50];[1.68,1.88];[1.88,2.07];[0.50,0.70];[1.30,1.48];[1.48,1.68]",v21
239d22a81325c70cd7ffae95,"[1.68,1.88];[1.88,2.07];[0.88,1.05];[0.70,0.88];[1.30,1.48];[1.05,1.30];[0.50,0.70];[1.48,1.68];[0.05,0.30];[0.30,0.50];[2.07,0.05]",v21
386eb9161133d60b1319f169,"[0.30,0.50];[1.05,1.30];[2.07,0.05];[1.30,1.48];[0.70,0.88];[0.05,0.30];[0.50,0.70];[1.68,1.88];[0.88,1.05];[1.48,1.68];[1.88,2.07]",v21
f22ed1565e57c6a5853075bb,"[1.05,1.30];[2.07,0.05];[0.05,0.30];[1.48,1.68];[0.50,0.70];[1.88,2.07];[1.30,1.48];[1.68,1.88];[0.70,0.88];[0.88,1.05];[0.30,0.50]",v21
fed2d046cccf8db91ba46ec3,"[1.68,1.88];[0.88,1.05];[0.50,0.70];[0.30,0.50];[2.07,0.05];[1.05,1.30];[0.70,0.88];[1.30,1.48];[1.88,2.07];[1.48,1.68];[0.05,0.30]",v21
5179c6f8ebc8d14d111710f0,"[0.50,0.70];[0.70,0.88];[1.68,1.88];[1.88,2.07];[0.30,0.50];[1.30,1.48];[0.88,1.05];[0.05,0.30];[2.07,0.05];[1.05,1.30];[1.48,1.68]",v21
05fdc7d8bb83a7317641ac1b,"[1.68,1.88];[0.70,0.88];[0.88,1.05];[1.48,1.68];[1.30,1.48];[1.05,1.30];[0.05,0.30];[1.88,2.07];[0.50,0.70];[2.07,0.05];[0.30,0.50]",v21
d08cb0ba4a3de88da602c6ab,"[0.88,1.05];[0.30,0.50];[1.68,1.88];[1.88,2.07];[0.70,0.88];[1.48,1.68];[2.07,0.05];[0.05,0.30];[1.30,1.48];[1.05,1.30];[0.50,0.70]",v21
,"[1.68,1.88];[0.30,0.50];[1.30,1.48];[2.07,0.05];[0.05,0.30];[0.88,1.05];[1.05,1.30];[0.70,0.88];[1.48,1.68];[0.50,0.70];[1.88,2.07]",v21
16d4f0a6c985e99ea54cd68f,"[0.50,0.70];[0.05,0.30];[1.05,1.30];[0.30,0.50];[1.68,1.88];[1.88,2.07];[2.07,0.05];[0.70,0.88];[0.88,1.05];[1.48,1.68];[1.30,1.48]",v21
306da66861d4dab2ec90205f,"[0.05,0.30];[1.30,1.48];[2.07,0.05];[1.48,1.68];[0.88,1.05];[1.68,1.88];[0.30,0.50];[0.70,0.88];[0.50,0.70];[1.05,1.30];[1.88,2.07]",v21
c20b537fc04d012b1b811166,"[1.30,1.48];[1.05,1.30];[0.88,1.05];[1.48,1.68];[2.07,0.05];[0.50,0.70];[1.88,2.07];[0.05,0.30];[0.30,0.50];[1.68,1.88];[0.70,0.88]",v21
fb3aff03744cf34c82a3e472,"[0.88,1.05];[1.05,1.30];[1.68,1.88];[0.05,0.30];[0.30,0.50];[1.88,2.07];[1.48,1.68];[2.07,0.05];[0.70,0.88];[0.50,0.70];[1.30,1.48]",v21
b488da6c2ac55c68e7449a0d,"[1.88,2.07];[0.05,0.30];[0.88,1.05];[1.05,1.30];[0.30,0.50];[2.07,0.05];[1.30,1.48];[1.48,1.68];[0.70,0.88];[1.68,1.88];[0.50,0.70]",v21
326031712c849bf3c3e2f54a,"[0.05,0.30];[1.05,1.30];[0.88,1.05];[0.30,0.50];[1.68,1.88];[1.88,2.07];[1.48,1.68];[2.07,0.05];[0.70,0.88];[0.50,0.70];[1.30,1.48]",v21
891d1ecab89f2e8841ac119a,"[0.88,1.05];[0.05,0.30];[1.68,1.88];[2.07,0.05];[0.50,0.70];[0.70,0.88];[1.05,1.30];[1.30,1.48];[1.88,2.07];[1.48,1.68];[0.30,0.50]",v21
9b792b9132e1468968a44ca7,"[0.30,0.50];[1.05,1.30];[1.68,1.88];[0.05,0.30];[0.88,1.05];[1.30,1.48];[0.50,0.70];[1.48,1.68];[1.88,2.07];[2.07,0.05];[0.70,0.88]",v21
62aa44fdaccc9b3cf943265d,"[0.50,0.70];[1.05,1.30];[0.88,1.05];[0.05,0.30];[1.68,1.88];[1.30,1.48];[1.48,1.68];[1.88,2.07];[2.07,0.05];[0.30,0.50];[0.70,0.88]",v21
81d962f4070ca300340e1eb3,"[2.07,0.05];[1.48,1.68];[0.50,0.70];[0.05,0.30];[1.05,1.30];[1.88,2.07];[0.70,0.88];[0.88,1.05];[0.30,0.50];[1.68,1.88];[1.30,1.48]",v21
356c269c22c3e8a4dcb35946,"[2.07,0.05];[1.48,1.68];[1.05,1.30];[1.88,2.07];[1.30,1.48];[1.68,1.88];[0.88,1.05];[0.05,0.30];[0.30,0.50];[0.70,0.88];[0.50,0.70]",v21
6e132293174fd97a92b10dcc,"[1.30,1.48];[0.70,0.88];[0.05,0.30];[1.88,2.07];[0.30,0.50];[0.88,1.05];[0.50,0.70];[1.68,1.88];[1.05,1.30];[1.48,1.68];[2.07,0.05]",v21
6eeeb2472cf38e04821ffd41,"[0.05,0.30];[0.50,0.70];[1.05,1.30];[1.88,2.07];[1.30,1.48];[2.07,0.05];[1.68,1.88];[0.30,0.50];[1.48,1.68];[0.88,1.05];[0.70,0.88]",v21
80b4ca0f52c957e0471c2923,"[0.70,0.88];[0.30,0.50];[1.05,1.30];[0.88,1.05];[0.05,0.30];[2.07,0.05];[1.68,1.88];[0.50,0.70];[1.88,2.07];[1.48,1.68];[1.30,1.48]",v21
3e08b0bec63d440a203d5ad7,"[1.05,1.30];[2.07,0.05];[0.70,0.88];[0.30,0.50];[1.48,1.68];[0.05,0.30];[0.50,0.70];[0.88,1.05];[1.88,2.07];[1.68,1.88];[1.30,1.48]",v21
b8999287792d0bc819a1765b,"[1.48,1.68];[0.50,0.70];[0.88,1.05];[0.30,0.50];[2.07,0.05];[0.05,0.30];[0.70,0.88];[1.88,2.07];[1.68,1.88];[1.30,1.48];[1.05,1.30]",v21
6219967cb3e78bbc4944b4da,"[0.88,1.05];[0.70,0.88];[0.50,0.70];[0.05,0.30];[2.07,0.05];[0.30,0.50];[1.88,2.07];[1.30,1.48];[1.05,1.30];[1.48,1.68];[1.68,1.88]",v21
e2b18681a1064f96f492bda7,"[2.07,0.05];[0.30,0.50];[1.05,1.30];[1.68,1.88];[0.50,0.70];[0.70,0.88];[1.48,1.68];[1.30,1.48];[0.05,0.30];[1.88,2.07];[0.88,1.05]",v21
7f23b4fc230d6666fe05f9de,"[0.70,0.88];[1.68,1.88];[2.07,0.05];[1.05,1.30];[0.50,0.70];[1.30,1.48];[0.05,0.30];[0.30,0.50];[1.88,2.07];[0.88,1.05];[1.48,1.68]",v21
e33fbbe923c821ccfdd92360,"[0.70,0.88];[1.48,1.68];[0.30,0.50];[1.68,1.88];[2.07,0.05];[0.50,0.70];[0.05,0.30];[1.05,1.30];[1.88,2.07];[1.30,1.48];[0.88,1.05]",v21
e032b1868874a70b3a83f2bb,"[0.50,0.70];[1.68,1.88];[1.88,2.07];[1.48,1.68];[0.70,0.88];[0.30,0.50];[2.07,0.05];[1.05,1.30];[1.30,1.48];[0.88,1.05];[0.05,0.30]",v21
99c095866f179f234e03fdb8,"[1.30,1.48];[1.48,1.68];[1.05,1.30];[0.70,0.88];[0.30,0.50];[1.68,1.88];[0.88,1.05];[0.05,0.30];[2.07,0.05];[0.50,0.70];[1.88,2.07]",v21
d7cc1cf443c41c14bafa2f7a,"[1.68,1.88];[0.50,0.70];[0.05,0.30];[0.88,1.05];[1.05,1.30];[1.88,2.07];[0.70,0.88];[2.07,0.05];[1.30,1.48];[1.48,1.68];[0.30,0.50]",v21
378ab13088875786894d8249,"[0.50,0.70];[1.05,1.30];[0.30,0.50];[1.48,1.68];[0.05,0.30];[1.88,2.07];[0.88,1.05];[2.07,0.05];[1.68,1.88];[1.30,1.48];[0.70,0.88]",v21
12eb21e84e2e83bbd56e7f4d,"[0.05,0.30];[0.70,0.88];[1.88,2.07];[0.30,0.50];[1.68,1.88];[0.50,0.70];[1.48,1.68];[1.30,1.48];[0.88,1.05];[2.07,0.05];[1.05,1.30]",v21
a24d4f0610e5daf2a1ede388,"[1.48,1.68];[1.88,2.07];[0.70,0.88];[1.68,1.88];[0.30,0.50];[0.50,0.70];[2.07,0.05];[1.30,1.48];[1.05,1.30];[0.05,0.30];[0.88,1.05]",v21
920c9a24f7b26a541c709273,"[1.30,1.48];[1.05,1.30];[0.88,1.05];[1.68,1.88];[2.07,0.05];[0.05,0.30];[1.88,2.07];[0.30,0.50];[0.50,0.70];[1.48,1.68];[0.70,0.88]",v21
80a71cd2623054367d09b499,"[1.48,1.68];[1.88,2.07];[0.30,0.50];[0.88,1.05];[0.70,0.88];[0.05,0.30];[1.30,1.48];[0.50,0.70];[2.07,0.05];[1.68,1.88];[1.05,1.30]",v21
f928d841bb86d98a5e0e7a43,"[2.07,0.05];[1.05,1.30];[1.30,1.48];[0.70,0.88];[0.05,0.30];[0.30,0.50];[1.48,1.68];[1.88,2.07];[0.88,1.05];[1.68,1.88];[0.50,0.70]",v21
b6736dcb66705a38860ab433,"[1.05,1.30];[1.48,1.68];[0.30,0.50];[0.50,0.70];[1.68,1.88];[1.30,1.48];[0.88,1.05];[1.88,2.07];[0.70,0.88];[2.07,0.05];[0.05,0.30]",v21
b8288e3630aba2bbd8523276,"[1.68,1.88];[2.07,0.05];[0.70,0.88];[0.88,1.05];[1.05,1.30];[1.88,2.07];[0.30,0.50];[1.30,1.48];[0.50,0.70];[0.05,0.30];[1.48,1.68]",v21
bcf3e6aa39e30575b7d7e007,"[1.68,1.88];[0.70,0.88];[0.05,0.30];[0.50,0.70];[0.88,1.05];[1.48,1.68];[2.07,0.05];[1.88,2.07];[1.30,1.48];[0.30,0.50];[1.05,1.30]",v21
5ea1cf2d3c8500f23763346a,"[1.30,1.48];[1.05,1.30];[1.48,1.68];[0.88,1.05];[0.30,0.50];[0.05,0.30];[1.68,1.88];[0.50,0.70];[1.88,2.07];[0.70,0.88];[2.07,0.05]",v21
c53ad72aa1b7d4f00bf69b44,"[2.07,0.05];[1.88,2.07];[0.50,0.70];[0.05,0.30];[1.48,1.68];[0.88,1.05];[1.05,1.30];[1.30,1.48];[1.68,1.88];[0.30,0.50];[0.70,0.88]",v21
06ef9dc4f39a56ffcb836dae,"[1.88,2.07];[0.30,0.50];[1.05,1.30];[0.50,0.70];[1.30,1.48];[0.88,1.05];[0.05,0.30];[1.68,1.88];[2.07,0.05];[0.70,0.88];[1.48,1.68]",v21
1255924033ea3b1738ea5338,"[0.88,1.05];[0.05,0.30];[1.48,1.68];[1.05,1.30];[1.88,2.07];[1.68,1.88];[2.07,0.05];[0.70,0.88];[0.30,0.50];[1.30,1.48];[0.50,0.70]",v21
640418162967a550bf6f10d1,"[1.05,1.30];[0.05,0.30];[0.88,1.05];[1.48,1.68];[2.07,0.05];[0.30,0.50];[0.70,0.88];[0.50,0.70];[1.68,1.88];[1.88,2.07];[1.30,1.48]",v21
cb9650f8224b92de76f78673,"[1.05,1.30];[0.05,0.30];[1.48,1.68];[1.68,1.88];[2.07,0.05];[0.50,0.70];[1.88,2.07];[1.30,1.48];[0.88,1.05];[0.30,0.50];[0.70,0.88]",v21
0f7b2893537898f18814d423,"[0.30,0.50];[0.70,0.88];[0.88,1.05];[0.50,0.70];[1.05,1.30];[1.48,1.68];[2.07,0.05];[1.88,2.07];[1.30,1.48];[0.05,0.30];[1.68,1.88]",v21
eee966cdab43aa4ce9e003ac,"[1.48,1.68];[1.30,1.48];[1.68,1.88];[1.88,2.07];[0.05,0.30];[0.30,0.50];[2.07,0.05];[0.70,0.88];[0.50,0.70];[1.05,1.30];[0.88,1.05]",v21
,"[1.88,2.07];[0.30,0.50];[0.50,0.70];[0.05,0.30];[1.48,1.68];[2.07,0.05];[1.05,1.30];[0.70,0.88];[1.30,1.48];[1.68,1.88];[0.88,1.05]",v21
426e6826793966996c14d322,"[1.30,1.48];[1.48,1.68];[1.05,1.30];[0.70,0.88];[0.88,1.05];[0.50,0.70];[1.68,1.88];[0.30,0.50];[1.88,2.07];[0.05,0.30];[2.07,0.05]",v21
6f76c7d0ef4aa6864f6801db,"[0.70,0.88];[0.50,0.70];[1.68,1.88];[1.88,2.07];[0.88,1.05];[1.48,1.68];[1.05,1.30];[1.30,1.48];[0.30,0.50];[0.05,0.30];[2.07,0.05]",v21
c3c2a105bae9968c77371d45,"[0.50,0.70];[1.05,1.30];[2.07,0.05];[1.68,1.88];[1.48,1.68];[0.88,1.05];[1.30,1.48];[0.05,0.30];[1.88,2.07];[0.30,0.50];[0.70,0.88]",v21
8104195baa365b2a85813030,"[1.48,1.68];[0.05,0.30];[0.30,0.50];[0.88,1.05];[0.50,0.70];[2.07,0.05];[1.68,1.88];[0.70,0.88];[1.88,2.07];[1.30,1.48];[1.05,1.30]",v21
0dc6c5323cc27dbfc4118a97,"[1.30,1.48];[0.50,0.70];[0.70,0.88];[0.05,0.30];[1.88,2.07];[0.88,1.05];[2.07,0.05];[1.68,1.88];[1.05,1.30];[0.30,0.50];[1.48,1.68]",v21
acba912a7258f52c830d5632,"[0.70,0.88];[1.30,1.48];[1.48,1.68];[1.05,1.30];[0.30,0.50];[0.50,0.70];[0.05,0.30];[0.88,1.05];[1.88,2.07];[1.68,1.88];[2.07,0.05]",v21
ff9726a4da7a58e92fbe1f3a,"[0.30,0.50];[1.68,1.88];[1.30,1.48];[1.88,2.07];[2.07,0.05];[0.88,1.05];[0.05,0.30];[0.70,0.88];[0.50,0.70];[1.05,1.30];[1.48,1.68]",v21
010a738055b300743f12212d,"[0.50,0.70];[0.05,0.30];[1.88,2.07];[0.70,0.88];[1.68,1.88];[0.88,1.05];[1.05,1.30];[0.30,0.50];[1.48,1.68];[1.30,1.48];[2.07,0.05]",v21
91dabfdd64b73eacfaeac10d,"[1.48,1.68];[1.68,1.88];[1.05,1.30];[1.88,2.07];[0.05,0.30];[0.30,0.50];[0.70,0.88];[1.30,1.48];[2.07,0.05];[0.88,1.05];[0.50,0.70]",v21
87038aa216e6a4c39c2c40bd,"[0.88,1.05];[2.07,0.05];[1.05,1.30];[0.70,0.88];[1.30,1.48];[1.68,1.88];[1.48,1.68];[0.05,0.30];[0.30,0.50];[0.50,0.70];[1.88,2.07]",v21
136b55ee074515894f54a4ab,"[0.88,1.05];[0.70,0.88];[0.05,0.30];[0.30,0.50];[0.50,0.70];[1.30,1.48];[1.05,1.30];[1.88,2.07];[1.68,1.88];[1.48,1.68];[2.07,0.05]",v21
f801e755ca3216b0535a44eb,"[0.70,0.88];[0.05,0.30];[1.88,2.07];[1.48,1.68];[0.88,1.05];[1.30,1.48];[2.07,0.05];[0.50,0.70];[1.68,1.88];[0.30,0.50];[1.05,1.30]",v21
9b228f86c4300fc3d0a12cf5,"[1.68,1.88];[0.30,0.50];[0.50,0.70];[0.70,0.88];[1.48,1.68];[0.05,0.30];[1.88,2.07];[1.05,1.30];[1.30,1.48];[0.88,1.05];[2.07,0.05]",v21
43bc8230ac11c332beb51a2a,"[1.05,1.30];[1.30,1.48];[0.30,0.50];[0.88,1.05];[0.70,0.88];[1.68,1.88];[1.48,1.68];[0.50,0.70];[0.05,0.30];[1.88,2.07];[2.07,0.05]",v21
600459f5a9a957a1c1bd865d,"[1.05,1.30];[1.48,1.68];[0.88,1.05];[0.30,0.50];[0.50,0.70];[0.05,0.30];[1.68,1.88];[2.07,0.05];[0.70,0.88];[1.88,2.07];[1.30,1.48]",v21
06de4feec0e390c7f5f24bb5,"[1.68,1.88];[1.48,1.68];[0.50,0.70];[1.88,2.07];[1.30,1.48];[1.05,1.30];[0.30,0.50];[0.88,1.05];[0.05,0.30];[2.07,0.05];[0.70,0.88]",v21
d94f05f1c7bfed234c2f243e,"[1.30,1.48];[0.88,1.05];[0.05,0.30];[1.48,1.68];[0.50,0.70];[2.07,0.05];[0.70,0.88];[1.05,1.30];[0.30,0.50];[1.88,2.07];[1.68,1.88]",v21
b4c8c157de38db7071eb653c,"[2.07,0.05];[0.30,0.50];[1.48,1.68];[0.05,0.30];[0.88,1.05];[1.88,2.07];[1.30,1.48];[0.70,0.88];[1.68,1.88];[0.50,0.70];[1.05,1.30]",v21
4c702a4598305550dd3266f4,"[1.48,1.68];[1.30,1.48];[0.05,0.30];[1.05,1.30];[0.70,0.88];[2.07,0.05];[1.68,1.88];[0.50,0.70];[0.30,0.50];[0.88,1.05];[1.88,2.07]",v21
fc0b963c0955698018a789a8,"[0.88,1.05];[0.70,0.88];[0.30,0.50];[0.05,0.30];[0.50,0.70];[1.68,1.88];[1.88,2.07];[2.07,0.05];[1.05,1.30];[1.30,1.48];[1.48,1.68]",v21
97f7fe4d97654e0876a83215,"[1.05,1.30];[0.50,0.70];[2.07,0.05];[0.88,1.05];[1.48,1.68];[0.05,0.30];[0.70,0.88];[0.30,0.50];[1.88,2.07];[1.30,1.48];[1.68,1.88]",v21
94234c071d34ad295cd68b25,"[1.88,2.07];[2.07,0.05];[1.05,1.30];[0.50,0.70];[1.48,1.68];[1.30,1.48];[0.30,0.50];[0.88,1.05];[1.68,1.88];[0.70,0.88];[0.05,0.30]",v21
,"[0.70,0.88];[1.68,1.88];[0.30,0.50];[0.88,1.05];[2.07,0.05];[1.30,1.48];[1.88,2.07];[0.05,0.30];[1.05,1.30];[1.48,1.68];[0.50,0.70]",v21
fc2660cd5ecd26095ed31684,"[1.48,1.68];[0.50,0.70];[0.05,0.30];[1.68,1.88];[2.07,0.05];[1.05,1.30];[0.30,0.50];[0.88,1.05];[1.88,2.07];[1.30,1.48];[0.70,0.88]",v21
