"id","round1_combined_array","df"
"000000000000000000000000","[2.00,0.00];[1.60,1.80];[0.00,0.20];[0.80,1.00];[0.20,0.40];[1.20,1.40];[0.60,0.80];[0.40,0.60];[1.00,1.20];[1.80,2.00];[1.40,1.60]","v17"
"000000000000000000000000","[1.80,2.00];[0.80,1.00];[0.20,0.40];[0.00,0.20];[2.00,0.00];[0.60,0.80];[1.20,1.40];[1.00,1.20];[1.60,1.80];[0.40,0.60];[1.40,1.60]","v17"
"","[1.20,1.40];[0.20,0.40];[0.80,1.00];[1.80,2.00];[0.00,0.20];[1.00,1.20];[1.40,1.60];[2.00,0.00];[0.60,0.80];[1.60,1.80];[0.40,0.60]","v17"
"8906579825c0807ca50ca1ed","[1.60,1.80];[0.20,0.40];[0.60,0.80];[0.40,0.60];[1.00,1.20];[1.20,1.40];[2.00,0.00];[1.80,2.00];[0.80,1.00];[0.00,0.20];[1.40,1.60]","v17"
"","[0.80,1.00];[1.80,2.00];[2.00,0.00];[1.60,1.80];[0.40,0.60];[0.60,0.80];[1.00,1.20];[0.00,0.20];[1.40,1.60];[0.20,0.40];[1.20,1.40]","v17"
"30d079373effe6f2b3b8fdec","[0.20,0.40];[1.00,1.20];[0.80,1.00];[1.40,1.60];[0.60,0.80];[0.40,0.60];[2.00,0.00];[0.00,0.20];[1.20,1.40];[1.60,1.80];[1.80,2.00]","v17"
"32bbc39e686146242e3b985f","[0.00,0.20];[0.20,0.40];[1.80,2.00];[0.80,1.00];[1.20,1.40];[2.00,0.00];[0.60,0.80];[1.40,1.60];[0.40,0.60];[1.60,1.80];[1.00,1.20]","v17"
"5cd4e053e7c5055f707f9221","[1.60,1.80];[0.40,0.60];[0.60,0.80];[2.00,0.00];[0.00,0.20];[0.80,1.00];[0.20,0.40];[1.40,1.60];[1.80,2.00];[1.00,1.20];[1.20,1.40]","v17"
"6a3f3fac4afd73f8ae204164","[2.00,0.00];[1.00,1.20];[0.40,0.60];[1.40,1.60];[1.20,1.40];[1.80,2.00];[0.80,1.00];[1.60,1.80];[0.00,0.20];[0.20,0.40];[0.60,0.80]","v17"
"fbb58418c8f3857804d2d0b3","[1.00,1.20];[1.60,1.80];[0.40,0.60];[0.80,1.00];[0.20,0.40];[0.00,0.20];[0.60,0.80];[1.80,2.00];[2.00,0.00];[1.40,1.60];[1.20,1.40]","v17"
"e02064fa45ad1ee9deea6494","[1.80,2.00];[0.00,0.20];[0.20,0.40];[1.20,1.40];[2.00,0.00];[1.60,1.80];[0.40,0.60];[1.00,1.20];[0.80,1.00];[0.60,0.80];[1.40,1.60]","v17"
"34a330cdbb9238e7e7fb7731","[0.60,0.80];[2.00,0.00];[1.80,2.00];[1.20,1.40];[1.60,1.80];[1.40,1.60];[0.00,0.20];[0.40,0.60];[1.00,1.20];[0.80,1.00];[0.20,0.40]","v17"
"0448d4452d1b5fe9ac68c605","[0.40,0.60];[0.60,0.80];[0.80,1.00];[1.00,1.20];[1.60,1.80];[1.20,1.40];[0.00,0.20];[1.40,1.60];[0.20,0.40];[1.80,2.00];[2.00,0.00]","v17"
"2da05e4fe23c54ebc0703b43","[0.20,0.40];[0.00,0.20];[1.00,1.20];[1.20,1.40];[2.00,0.00];[0.40,0.60];[0.80,1.00];[1.80,2.00];[1.40,1.60];[0.60,0.80];[1.60,1.80]","v17"
"6e98c610d57a817d6c777620","[0.40,0.60];[0.20,0.40];[1.40,1.60];[1.00,1.20];[0.60,0.80];[1.20,1.40];[2.00,0.00];[1.80,2.00];[1.60,1.80];[0.00,0.20];[0.80,1.00]","v17"
"236a148a4833dc3c371f01e3","[0.40,0.60];[0.60,0.80];[1.80,2.00];[1.40,1.60];[0.80,1.00];[0.20,0.40];[1.00,1.20];[2.00,0.00];[1.60,1.80];[1.20,1.40];[0.00,0.20]","v17"
"17b8cd4cc1a7de70cb33a763","[0.60,0.80];[0.40,0.60];[0.00,0.20];[0.80,1.00];[1.80,2.00];[1.20,1.40];[1.40,1.60];[0.20,0.40];[1.60,1.80];[2.00,0.00];[1.00,1.20]","v17"
"d4dfe8e4622cc0c8bc94177c","[1.20,1.40];[0.60,0.80];[1.80,2.00];[1.40,1.60];[2.00,0.00];[0.80,1.00];[0.40,0.60];[0.00,0.20];[0.20,0.40];[1.60,1.80];[1.00,1.20]","v17"
"e5faacd773c8f544a85fddd4","[1.60,1.80];[1.00,1.20];[0.80,1.00];[0.20,0.40];[0.00,0.20];[0.40,0.60];[2.00,0.00];[1.40,1.60];[1.20,1.40];[0.60,0.80];[1.80,2.00]","v17"
"35f91f4f3af7c479932748d0","[0.40,0.60];[1.60,1.80];[1.00,1.20];[2.00,0.00];[1.20,1.40];[0.60,0.80];[0.80,1.00];[0.00,0.20];[0.20,0.40];[1.40,1.60];[1.80,2.00]","v17"
"0aa4789bf348294ee98433c6","[1.40,1.60];[0.20,0.40];[2.00,0.00];[0.00,0.20];[0.60,0.80];[0.40,0.60];[1.00,1.20];[1.80,2.00];[1.60,1.80];[1.20,1.40];[0.80,1.00]","v17"
"5d7db42291e03fa39350579d","[2.00,0.00];[0.00,0.20];[1.20,1.40];[0.60,0.80];[0.20,0.40];[1.00,1.20];[1.40,1.60];[0.40,0.60];[0.80,1.00];[1.60,1.80];[1.80,2.00]","v17"
"d6a2ca5992e78796b6c340bb","[1.00,1.20];[1.80,2.00];[1.60,1.80];[0.20,0.40];[1.40,1.60];[0.40,0.60];[2.00,0.00];[1.20,1.40];[0.00,0.20];[0.60,0.80];[0.80,1.00]","v17"
"b166b162e7b6e7c114144ef9","[1.80,2.00];[2.00,0.00];[0.80,1.00];[1.60,1.80];[0.40,0.60];[1.40,1.60];[1.20,1.40];[0.60,0.80];[0.00,0.20];[0.20,0.40];[1.00,1.20]","v17"
"fcb94ecd0d8dba5690e4b074","[0.20,0.40];[0.80,1.00];[1.40,1.60];[0.60,0.80];[1.60,1.80];[2.00,0.00];[0.00,0.20];[0.40,0.60];[1.00,1.20];[1.80,2.00];[1.20,1.40]","v17"
"4cbe741eb0f6403a42fe5222","[1.20,1.40];[1.40,1.60];[2.00,0.00];[0.60,0.80];[0.80,1.00];[0.00,0.20];[1.60,1.80];[0.40,0.60];[0.20,0.40];[1.00,1.20];[1.80,2.00]","v17"
"4a18e720554e4457a0bc6dfb","[0.40,0.60];[2.00,0.00];[0.80,1.00];[1.40,1.60];[1.00,1.20];[1.20,1.40];[1.80,2.00];[0.20,0.40];[0.60,0.80];[1.60,1.80];[0.00,0.20]","v17"
"4bf298276b6ffa5651513c15","[1.40,1.60];[0.20,0.40];[1.20,1.40];[0.40,0.60];[1.00,1.20];[0.80,1.00];[1.60,1.80];[0.60,0.80];[0.00,0.20];[1.80,2.00];[2.00,0.00]","v17"
"2fade1353d8e34bd99d319dd","[0.80,1.00];[1.20,1.40];[0.40,0.60];[0.60,0.80];[1.80,2.00];[1.40,1.60];[1.00,1.20];[0.20,0.40];[0.00,0.20];[1.60,1.80];[2.00,0.00]","v17"
"b2efb5afaa65af71bad18e06","[0.00,0.20];[1.20,1.40];[2.00,0.00];[0.60,0.80];[1.80,2.00];[0.40,0.60];[1.60,1.80];[1.40,1.60];[0.80,1.00];[0.20,0.40];[1.00,1.20]","v17"
"0f6e03372b93f49208035361","[0.60,0.80];[1.60,1.80];[0.00,0.20];[2.00,0.00];[1.40,1.60];[1.80,2.00];[0.40,0.60];[1.00,1.20];[0.80,1.00];[0.20,0.40];[1.20,1.40]","v17"
"5b6bde0fb8256aff89ed3e95","[1.80,2.00];[0.20,0.40];[2.00,0.00];[0.00,0.20];[0.40,0.60];[0.60,0.80];[1.00,1.20];[1.40,1.60];[1.20,1.40];[1.60,1.80];[0.80,1.00]","v17"
"98f2ab0bc0c059cecd78e525","[1.20,1.40];[1.00,1.20];[0.60,0.80];[2.00,0.00];[0.40,0.60];[0.80,1.00];[0.00,0.20];[1.60,1.80];[0.20,0.40];[1.80,2.00];[1.40,1.60]","v17"
"","[0.60,0.80];[0.40,0.60];[0.00,0.20];[2.00,0.00];[1.60,1.80];[1.80,2.00];[1.00,1.20];[1.40,1.60];[1.20,1.40];[0.20,0.40];[0.80,1.00]","v17"
"","[0.60,0.80];[0.40,0.60];[1.40,1.60];[0.20,0.40];[1.20,1.40];[1.60,1.80];[1.00,1.20];[2.00,0.00];[1.80,2.00];[0.00,0.20];[0.80,1.00]","v17"
"","[0.00,0.20];[1.20,1.40];[1.60,1.80];[0.80,1.00];[2.00,0.00];[1.80,2.00];[0.40,0.60];[1.00,1.20];[1.40,1.60];[0.20,0.40];[0.60,0.80]","v17"
"","[0.60,0.80];[2.00,0.00];[1.60,1.80];[1.40,1.60];[1.00,1.20];[0.80,1.00];[1.20,1.40];[1.80,2.00];[0.20,0.40];[0.00,0.20];[0.40,0.60]","v17"
"","[2.00,0.00];[1.80,2.00];[0.20,0.40];[1.20,1.40];[0.60,0.80];[1.00,1.20];[1.40,1.60];[0.40,0.60];[1.60,1.80];[0.80,1.00];[0.00,0.20]","v17"
"","[0.40,0.60];[2.00,0.00];[0.00,0.20];[1.00,1.20];[0.60,0.80];[1.60,1.80];[1.40,1.60];[0.80,1.00];[0.20,0.40];[1.20,1.40];[1.80,2.00]","v17"
"95e91468d82d576592e23fc3","[0.40,0.60];[2.00,0.00];[1.80,2.00];[0.60,0.80];[0.20,0.40];[1.00,1.20];[0.80,1.00];[0.00,0.20];[1.20,1.40];[1.60,1.80];[1.40,1.60]","v17"
"97575bcb9aa6b7ff0a2812d8","[1.40,1.60];[2.00,0.00];[0.40,0.60];[0.00,0.20];[0.20,0.40];[0.80,1.00];[0.60,0.80];[1.00,1.20];[1.20,1.40];[1.60,1.80];[1.80,2.00]","v17"
"2037a8739dd5e9d2f20b97df","[2.00,0.00];[0.60,0.80];[1.00,1.20];[0.40,0.60];[1.40,1.60];[0.80,1.00];[0.20,0.40];[1.20,1.40];[1.80,2.00];[1.60,1.80];[0.00,0.20]","v17"
"6d0ddcf981e59d88fb9f3d50","[1.60,1.80];[1.20,1.40];[0.00,0.20];[0.20,0.40];[0.40,0.60];[0.60,0.80];[1.00,1.20];[1.40,1.60];[2.00,0.00];[1.80,2.00];[0.80,1.00]","v17"
"cdbf6f1c0798ca48609aedba","[0.60,0.80];[0.80,1.00];[0.00,0.20];[1.60,1.80];[2.00,0.00];[1.40,1.60];[1.80,2.00];[1.20,1.40];[0.20,0.40];[0.40,0.60];[1.00,1.20]","v17"
"5cd2fd081ec1c37224e49d55","[0.60,0.80];[1.80,2.00];[1.60,1.80];[0.00,0.20];[0.20,0.40];[2.00,0.00];[1.20,1.40];[0.40,0.60];[0.80,1.00];[1.00,1.20];[1.40,1.60]","v17"
"0d4d75ad718ca8ad9cbc49d7","[0.20,0.40];[1.60,1.80];[1.00,1.20];[0.00,0.20];[0.60,0.80];[1.20,1.40];[1.80,2.00];[0.40,0.60];[1.40,1.60];[2.00,0.00];[0.80,1.00]","v17"
"f97c3b765ea661349d3a3db5","[1.20,1.40];[1.00,1.20];[1.60,1.80];[0.60,0.80];[1.40,1.60];[0.80,1.00];[0.00,0.20];[2.00,0.00];[1.80,2.00];[0.40,0.60];[0.20,0.40]","v17"
"5166fc9da2615a3a953688e9","[0.60,0.80];[0.80,1.00];[0.20,0.40];[1.60,1.80];[1.20,1.40];[1.00,1.20];[1.40,1.60];[1.80,2.00];[0.00,0.20];[2.00,0.00];[0.40,0.60]","v17"
"566024c68f62487f659755f8","[1.80,2.00];[0.60,0.80];[1.20,1.40];[2.00,0.00];[1.40,1.60];[1.60,1.80];[0.20,0.40];[0.00,0.20];[0.40,0.60];[0.80,1.00];[1.00,1.20]","v17"
"d6f2eb15d36cfacfe3a4edde","[0.00,0.20];[1.00,1.20];[0.20,0.40];[1.40,1.60];[2.00,0.00];[1.20,1.40];[0.40,0.60];[0.60,0.80];[1.60,1.80];[1.80,2.00];[0.80,1.00]","v17"
"f732c0f3fbbdd63184361d20","[2.00,0.00];[0.60,0.80];[1.40,1.60];[1.20,1.40];[0.00,0.20];[1.60,1.80];[1.80,2.00];[0.20,0.40];[0.80,1.00];[0.40,0.60];[1.00,1.20]","v17"
"df90b4bd5cef52d345410881","[1.20,1.40];[1.40,1.60];[1.60,1.80];[0.60,0.80];[2.00,0.00];[0.40,0.60];[1.80,2.00];[0.20,0.40];[1.00,1.20];[0.00,0.20];[0.80,1.00]","v17"
"fc23547c812da38ad77f34ab","[0.00,0.20];[1.40,1.60];[0.40,0.60];[1.00,1.20];[1.20,1.40];[2.00,0.00];[0.80,1.00];[0.20,0.40];[1.80,2.00];[1.60,1.80];[0.60,0.80]","v17"
"508cd5bdd440ec123b6d8750","[1.80,2.00];[0.60,0.80];[1.40,1.60];[0.40,0.60];[1.60,1.80];[1.20,1.40];[0.80,1.00];[1.00,1.20];[0.20,0.40];[2.00,0.00];[0.00,0.20]","v17"
"0691763259eedadf2ebbc374","[1.20,1.40];[0.00,0.20];[1.60,1.80];[0.40,0.60];[1.40,1.60];[2.00,0.00];[1.80,2.00];[1.00,1.20];[0.60,0.80];[0.80,1.00];[0.20,0.40]","v17"
"22e4d842ae4ded9d3876b0a3","[1.00,1.20];[2.00,0.00];[0.00,0.20];[1.40,1.60];[0.60,0.80];[1.80,2.00];[1.20,1.40];[1.60,1.80];[0.80,1.00];[0.40,0.60];[0.20,0.40]","v17"
"14a563f9e399522169e6f696","[0.20,0.40];[1.40,1.60];[1.60,1.80];[0.60,0.80];[1.80,2.00];[0.00,0.20];[0.40,0.60];[1.00,1.20];[2.00,0.00];[0.80,1.00];[1.20,1.40]","v17"
"a00bf8d1cb65396ab1fdb35d","[0.00,0.20];[0.40,0.60];[1.60,1.80];[1.00,1.20];[1.40,1.60];[1.20,1.40];[0.20,0.40];[2.00,0.00];[0.60,0.80];[1.80,2.00];[0.80,1.00]","v17"
"d2222f5b39833312196f82ab","[0.00,0.20];[2.00,0.00];[0.40,0.60];[1.40,1.60];[1.80,2.00];[1.00,1.20];[1.20,1.40];[1.60,1.80];[0.80,1.00];[0.20,0.40];[0.60,0.80]","v17"
"84c22ee696a7413e28a5fb58","[1.80,2.00];[0.40,0.60];[1.20,1.40];[1.40,1.60];[0.20,0.40];[0.80,1.00];[0.00,0.20];[2.00,0.00];[1.60,1.80];[1.00,1.20];[0.60,0.80]","v17"
"fe38139aee8c7774a9d50613","[1.80,2.00];[0.40,0.60];[1.20,1.40];[0.00,0.20];[0.20,0.40];[2.00,0.00];[1.60,1.80];[1.40,1.60];[0.60,0.80];[1.00,1.20];[0.80,1.00]","v17"
"da4b1a6c5488ce5b35ab51b9","[0.20,0.40];[0.00,0.20];[0.60,0.80];[1.60,1.80];[1.40,1.60];[1.20,1.40];[2.00,0.00];[1.80,2.00];[1.00,1.20];[0.80,1.00];[0.40,0.60]","v17"
"3d16b20a797663a68f23c819","[1.60,1.80];[0.20,0.40];[0.80,1.00];[2.00,0.00];[0.60,0.80];[1.00,1.20];[1.40,1.60];[1.80,2.00];[0.00,0.20];[0.40,0.60];[1.20,1.40]","v17"
"80d92f046f632c122851b295","[1.00,1.20];[1.40,1.60];[2.00,0.00];[0.40,0.60];[1.80,2.00];[0.60,0.80];[0.00,0.20];[0.20,0.40];[0.80,1.00];[1.60,1.80];[1.20,1.40]","v17"
"818e104648f527601a73ed81","[1.00,1.20];[0.60,0.80];[1.20,1.40];[1.60,1.80];[0.40,0.60];[0.80,1.00];[0.20,0.40];[0.00,0.20];[1.40,1.60];[1.80,2.00];[2.00,0.00]","v17"
"463d30eabebfbb2bd140145a","[2.00,0.00];[1.80,2.00];[1.40,1.60];[1.60,1.80];[0.60,0.80];[0.40,0.60];[0.20,0.40];[0.00,0.20];[1.20,1.40];[0.80,1.00];[1.00,1.20]","v17"
"d9f78f3150196835117d6222","[1.80,2.00];[0.00,0.20];[1.00,1.20];[0.40,0.60];[0.20,0.40];[0.80,1.00];[1.60,1.80];[2.00,0.00];[1.40,1.60];[1.20,1.40];[0.60,0.80]","v17"
"b15328baaf6c5248d87fe42d","[1.00,1.20];[0.80,1.00];[1.20,1.40];[0.20,0.40];[1.40,1.60];[1.60,1.80];[0.00,0.20];[1.80,2.00];[2.00,0.00];[0.40,0.60];[0.60,0.80]","v17"
"90844498c7ef3d295a97a6c3","[1.60,1.80];[0.00,0.20];[0.20,0.40];[0.80,1.00];[2.00,0.00];[1.00,1.20];[0.60,0.80];[1.20,1.40];[1.80,2.00];[1.40,1.60];[0.40,0.60]","v17"
"","[0.40,0.60];[0.00,0.20];[2.00,0.00];[1.00,1.20];[1.40,1.60];[0.60,0.80];[1.20,1.40];[0.20,0.40];[1.80,2.00];[0.80,1.00];[1.60,1.80]","v17"
"","[0.60,0.80];[0.20,0.40];[1.40,1.60];[1.00,1.20];[1.20,1.40];[0.40,0.60];[0.80,1.00];[1.60,1.80];[1.80,2.00];[2.00,0.00];[0.00,0.20]","v17"
"","[1.80,2.00];[0.00,0.20];[1.60,1.80];[0.20,0.40];[0.60,0.80];[1.00,1.20];[2.00,0.00];[1.20,1.40];[0.40,0.60];[1.40,1.60];[0.80,1.00]","v17"
"","[0.80,1.00];[1.60,1.80];[1.80,2.00];[1.00,1.20];[0.40,0.60];[0.00,0.20];[1.40,1.60];[0.60,0.80];[0.20,0.40];[1.20,1.40];[2.00,0.00]","v17"
"","[0.20,0.40];[2.00,0.00];[0.60,0.80];[0.40,0.60];[1.60,1.80];[0.80,1.00];[1.40,1.60];[1.20,1.40];[1.80,2.00];[0.00,0.20];[1.00,1.20]","v17"
"","[1.20,1.40];[2.00,0.00];[1.80,2.00];[0.40,0.60];[1.00,1.20];[0.60,0.80];[1.60,1.80];[1.40,1.60];[0.20,0.40];[0.80,1.00];[0.00,0.20]","v17"
"","[2.00,0.00];[1.60,1.80];[0.60,0.80];[0.00,0.20];[0.20,0.40];[1.20,1.40];[0.80,1.00];[1.40,1.60];[1.80,2.00];[0.40,0.60];[1.00,1.20]","v17"
"","[1.40,1.60];[0.80,1.00];[0.40,0.60];[0.60,0.80];[1.20,1.40];[0.00,0.20];[1.00,1.20];[1.80,2.00];[0.20,0.40];[1.60,1.80];[2.00,0.00]","v17"
"","[0.80,1.00];[0.40,0.60];[0.20,0.40];[1.20,1.40];[0.00,0.20];[1.00,1.20];[1.80,2.00];[1.40,1.60];[1.60,1.80];[0.60,0.80];[2.00,0.00]","v17"
"","[0.80,1.00];[0.20,0.40];[1.60,1.80];[0.60,0.80];[1.40,1.60];[0.40,0.60];[2.00,0.00];[1.80,2.00];[1.00,1.20];[1.20,1.40];[0.00,0.20]","v17"
"","[0.00,0.20];[1.40,1.60];[0.80,1.00];[0.60,0.80];[1.60,1.80];[1.00,1.20];[0.20,0.40];[1.80,2.00];[2.00,0.00];[1.20,1.40];[0.40,0.60]","v17"
"056d2f7c1bb47aea1a431fde","[0.60,0.80];[1.20,1.40];[0.20,0.40];[1.80,2.00];[1.40,1.60];[2.00,0.00];[1.00,1.20];[1.60,1.80];[0.40,0.60];[0.80,1.00];[0.00,0.20]","v17"
"93fa0a00e82f60f8bbfab65f","[1.00,1.20];[0.40,0.60];[1.80,2.00];[1.20,1.40];[0.20,0.40];[0.80,1.00];[1.40,1.60];[1.60,1.80];[2.00,0.00];[0.00,0.20];[0.60,0.80]","v17"
"33892e12c5bb8719625dade0","[1.60,1.80];[1.40,1.60];[0.20,0.40];[1.80,2.00];[1.20,1.40];[0.60,0.80];[0.00,0.20];[2.00,0.00];[0.80,1.00];[0.40,0.60];[1.00,1.20]","v17"
"d3de3ecc0b9f3707659135cc","[1.00,1.20];[1.60,1.80];[1.80,2.00];[2.00,0.00];[0.20,0.40];[0.60,0.80];[1.40,1.60];[0.00,0.20];[0.80,1.00];[1.20,1.40];[0.40,0.60]","v17"
"fcb172b58d57c02a661bfc0d","[0.00,0.20];[1.40,1.60];[0.60,0.80];[0.40,0.60];[1.20,1.40];[1.80,2.00];[1.00,1.20];[0.20,0.40];[1.60,1.80];[2.00,0.00];[0.80,1.00]","v17"
"22056caf33e71a9386fbb297","[0.40,0.60];[1.00,1.20];[0.20,0.40];[2.00,0.00];[1.80,2.00];[0.80,1.00];[1.20,1.40];[0.60,0.80];[1.40,1.60];[0.00,0.20];[1.60,1.80]","v17"
"e7248b68ad481327b1a3e195","[1.60,1.80];[1.80,2.00];[1.40,1.60];[0.00,0.20];[1.20,1.40];[2.00,0.00];[0.60,0.80];[0.80,1.00];[0.40,0.60];[0.20,0.40];[1.00,1.20]","v17"
"0baa4190c130aad20b7a71c2","[2.00,0.00];[0.40,0.60];[1.80,2.00];[0.00,0.20];[0.60,0.80];[1.00,1.20];[1.20,1.40];[1.40,1.60];[1.60,1.80];[0.80,1.00];[0.20,0.40]","v17"
"8524f9c97d9d3ddf96f8a58e","[1.60,1.80];[1.00,1.20];[0.40,0.60];[1.80,2.00];[0.00,0.20];[0.60,0.80];[1.20,1.40];[0.20,0.40];[0.80,1.00];[1.40,1.60];[2.00,0.00]","v17"
"4bd4ab6527f4f1b2b059b14b","[1.40,1.60];[0.20,0.40];[0.40,0.60];[1.00,1.20];[1.60,1.80];[1.20,1.40];[1.80,2.00];[0.60,0.80];[0.80,1.00];[2.00,0.00];[0.00,0.20]","v17"
"122f61b0e5c87b49ba0d3728","[1.00,1.20];[1.20,1.40];[1.80,2.00];[2.00,0.00];[0.00,0.20];[0.60,0.80];[1.60,1.80];[0.40,0.60];[0.20,0.40];[0.80,1.00];[1.40,1.60]","v17"
"ed2979d4c2fce4790c7562ed","[1.00,1.20];[1.20,1.40];[2.00,0.00];[0.80,1.00];[0.20,0.40];[1.40,1.60];[1.80,2.00];[0.60,0.80];[0.00,0.20];[0.40,0.60];[1.60,1.80]","v17"
"45c00761b8b57b16c321162d","[1.20,1.40];[0.60,0.80];[0.80,1.00];[1.80,2.00];[0.00,0.20];[0.20,0.40];[1.00,1.20];[2.00,0.00];[1.40,1.60];[0.40,0.60];[1.60,1.80]","v17"
"ada417d5e9baac4cb94a06b5","[0.20,0.40];[2.00,0.00];[0.60,0.80];[0.40,0.60];[1.60,1.80];[1.20,1.40];[1.40,1.60];[0.00,0.20];[1.00,1.20];[1.80,2.00];[0.80,1.00]","v17"
"612405c649f9b0d53e9aa912","[1.40,1.60];[1.20,1.40];[1.60,1.80];[0.20,0.40];[1.00,1.20];[0.40,0.60];[0.00,0.20];[0.60,0.80];[0.80,1.00];[2.00,0.00];[1.80,2.00]","v17"
"4acebd239195093f3a24c5cf","[1.20,1.40];[0.00,0.20];[0.60,0.80];[0.80,1.00];[0.20,0.40];[1.80,2.00];[1.60,1.80];[2.00,0.00];[0.40,0.60];[1.40,1.60];[1.00,1.20]","v17"
"9afb6f10dadacc6e4becabc3","[0.40,0.60];[1.40,1.60];[0.60,0.80];[0.00,0.20];[2.00,0.00];[1.20,1.40];[0.80,1.00];[1.00,1.20];[1.60,1.80];[0.20,0.40];[1.80,2.00]","v17"
"e8cf3333205a2e375e4a875f","[1.80,2.00];[0.60,0.80];[0.80,1.00];[0.20,0.40];[0.00,0.20];[1.20,1.40];[1.60,1.80];[2.00,0.00];[1.00,1.20];[1.40,1.60];[0.40,0.60]","v17"
"a26bfbc5ac557c33683c3981","[0.20,0.40];[1.60,1.80];[2.00,0.00];[0.60,0.80];[1.00,1.20];[1.40,1.60];[1.80,2.00];[1.20,1.40];[0.80,1.00];[0.00,0.20];[0.40,0.60]","v17"
"b3832a1b3e52b46294cd730a","[2.00,0.00];[0.60,0.80];[1.60,1.80];[0.00,0.20];[1.80,2.00];[0.40,0.60];[0.20,0.40];[1.20,1.40];[1.40,1.60];[1.00,1.20];[0.80,1.00]","v17"
"8211d8df08ac178319f8650a","[2.00,0.00];[0.60,0.80];[1.80,2.00];[0.40,0.60];[1.20,1.40];[0.20,0.40];[1.40,1.60];[1.00,1.20];[0.80,1.00];[1.60,1.80];[0.00,0.20]","v17"
"3d14a5f3a41a252ae88f4c36","[0.00,0.20];[1.00,1.20];[2.00,0.00];[0.80,1.00];[0.40,0.60];[1.40,1.60];[0.20,0.40];[0.60,0.80];[1.60,1.80];[1.80,2.00];[1.20,1.40]","v17"
"4f7b80d4befe1eaece7822c5","[1.00,1.20];[2.00,0.00];[1.80,2.00];[0.20,0.40];[0.00,0.20];[1.60,1.80];[0.80,1.00];[1.20,1.40];[0.40,0.60];[1.40,1.60];[0.60,0.80]","v17"
"97fbbb54b81235e979c2b9f4","[0.80,1.00];[1.80,2.00];[0.20,0.40];[1.20,1.40];[1.00,1.20];[2.00,0.00];[0.60,0.80];[0.00,0.20];[0.40,0.60];[1.60,1.80];[1.40,1.60]","v17"
"d59f527d7a26a82972a91f6a","[1.40,1.60];[1.80,2.00];[1.60,1.80];[2.00,0.00];[1.20,1.40];[0.60,0.80];[0.40,0.60];[1.00,1.20];[0.20,0.40];[0.00,0.20];[0.80,1.00]","v17"
"57a20d98e8cfea472bf3667d","[1.60,1.80];[0.60,0.80];[1.40,1.60];[0.80,1.00];[1.20,1.40];[0.00,0.20];[1.00,1.20];[2.00,0.00];[0.20,0.40];[1.80,2.00];[0.40,0.60]","v17"
"3a6fa723afc4d1aa8b15ee71","[2.00,0.00];[0.40,0.60];[1.60,1.80];[0.80,1.00];[1.40,1.60];[0.20,0.40];[1.80,2.00];[0.60,0.80];[1.20,1.40];[1.00,1.20];[0.00,0.20]","v17"
"14fa96ea527c5401d64ef798","[1.20,1.40];[1.00,1.20];[1.80,2.00];[2.00,0.00];[0.20,0.40];[0.80,1.00];[0.60,0.80];[0.00,0.20];[0.40,0.60];[1.40,1.60];[1.60,1.80]","v17"
"","[1.20,1.40];[1.00,1.20];[0.00,0.20];[0.80,1.00];[1.60,1.80];[1.40,1.60];[0.20,0.40];[0.60,0.80];[1.80,2.00];[2.00,0.00];[0.40,0.60]","v17"
"","[1.60,1.80];[0.40,0.60];[1.00,1.20];[0.00,0.20];[1.40,1.60];[0.60,0.80];[1.20,1.40];[0.20,0.40];[2.00,0.00];[1.80,2.00];[0.80,1.00]","v17"
"","[1.60,1.80];[1.20,1.40];[1.00,1.20];[2.00,0.00];[0.80,1.00];[1.40,1.60];[0.00,0.20];[0.60,0.80];[1.80,2.00];[0.40,0.60];[0.20,0.40]","v17"
"","[0.20,0.40];[0.80,1.00];[1.60,1.80];[1.80,2.00];[2.00,0.00];[1.40,1.60];[0.40,0.60];[1.20,1.40];[0.00,0.20];[0.60,0.80];[1.00,1.20]","v17"
"","[0.20,0.40];[1.80,2.00];[0.80,1.00];[1.40,1.60];[1.60,1.80];[1.20,1.40];[0.40,0.60];[1.00,1.20];[2.00,0.00];[0.00,0.20];[0.60,0.80]","v17"
"bb5f5f3f1026fc2ce5dbca2f","[1.40,1.60];[2.00,0.00];[0.20,0.40];[0.60,0.80];[1.20,1.40];[1.00,1.20];[0.80,1.00];[0.40,0.60];[1.80,2.00];[1.60,1.80];[0.00,0.20]","v17"
"b8999287792d0bc819a1765b","[1.40,1.60];[1.20,1.40];[0.80,1.00];[0.20,0.40];[0.00,0.20];[1.80,2.00];[0.40,0.60];[2.00,0.00];[1.60,1.80];[0.60,0.80];[1.00,1.20]","v17"
"7ef8c098b2f0ba210caa0d41","[0.40,0.60];[1.40,1.60];[1.20,1.40];[0.20,0.40];[0.80,1.00];[0.60,0.80];[1.80,2.00];[2.00,0.00];[1.60,1.80];[0.00,0.20];[1.00,1.20]","v17"
"87e868bb72f43b6644a4507b","[0.40,0.60];[1.60,1.80];[1.00,1.20];[0.80,1.00];[0.20,0.40];[1.40,1.60];[1.80,2.00];[0.00,0.20];[2.00,0.00];[1.20,1.40];[0.60,0.80]","v17"
"bc7da92397d01d5feafbb756","[1.20,1.40];[2.00,0.00];[0.00,0.20];[0.20,0.40];[1.40,1.60];[1.00,1.20];[1.60,1.80];[0.40,0.60];[1.80,2.00];[0.60,0.80];[0.80,1.00]","v17"
"0a61546923a96f3fa94216a9","[1.40,1.60];[0.80,1.00];[0.40,0.60];[0.00,0.20];[2.00,0.00];[1.20,1.40];[0.60,0.80];[1.00,1.20];[1.80,2.00];[0.20,0.40];[1.60,1.80]","v17"
"688960843dbc28b8c9ccfaa0","[1.60,1.80];[0.80,1.00];[2.00,0.00];[1.00,1.20];[1.40,1.60];[1.80,2.00];[0.60,0.80];[1.20,1.40];[0.20,0.40];[0.00,0.20];[0.40,0.60]","v17"
"c17337e8005b85605ddd44c1","[0.00,0.20];[2.00,0.00];[0.60,0.80];[1.00,1.20];[0.40,0.60];[1.20,1.40];[1.60,1.80];[1.80,2.00];[0.80,1.00];[0.20,0.40];[1.40,1.60]","v17"
"c5ccb523242f2d8908037053","[1.20,1.40];[1.40,1.60];[1.00,1.20];[1.60,1.80];[0.20,0.40];[1.80,2.00];[0.80,1.00];[2.00,0.00];[0.40,0.60];[0.60,0.80];[0.00,0.20]","v17"
"c20b537fc04d012b1b811166","[2.00,0.00];[0.20,0.40];[0.60,0.80];[0.00,0.20];[1.00,1.20];[0.40,0.60];[1.20,1.40];[1.60,1.80];[1.40,1.60];[1.80,2.00];[0.80,1.00]","v17"
"6c417e53a2dd4cbd53207769","[0.40,0.60];[2.00,0.00];[1.40,1.60];[0.80,1.00];[0.20,0.40];[1.80,2.00];[0.60,0.80];[0.00,0.20];[1.00,1.20];[1.60,1.80];[1.20,1.40]","v17"
"0099ac7b73bfa84c1d7205a9","[1.20,1.40];[2.00,0.00];[1.80,2.00];[1.40,1.60];[0.60,0.80];[0.40,0.60];[1.00,1.20];[0.20,0.40];[0.80,1.00];[1.60,1.80];[0.00,0.20]","v17"
"a658c8fe481508e966808916","[1.60,1.80];[1.40,1.60];[0.00,0.20];[1.20,1.40];[0.20,0.40];[1.00,1.20];[1.80,2.00];[0.80,1.00];[0.40,0.60];[2.00,0.00];[0.60,0.80]","v17"
"","[1.80,2.00];[0.20,0.40];[0.60,0.80];[0.00,0.20];[2.00,0.00];[0.40,0.60];[1.60,1.80];[1.20,1.40];[1.40,1.60];[1.00,1.20];[0.80,1.00]","v17"
"da74f4df596f7ab4062d330d","[0.80,1.00];[0.00,0.20];[0.40,0.60];[1.60,1.80];[2.00,0.00];[1.80,2.00];[0.20,0.40];[1.20,1.40];[1.40,1.60];[1.00,1.20];[0.60,0.80]","v17"
"ebb7945b4cf228c6b6354898","[2.00,0.00];[0.80,1.00];[0.60,0.80];[1.00,1.20];[0.00,0.20];[1.20,1.40];[0.20,0.40];[0.40,0.60];[1.60,1.80];[1.40,1.60];[1.80,2.00]","v17"
"9a44a85df23a7ff1ab320100","[1.20,1.40];[0.40,0.60];[0.60,0.80];[0.80,1.00];[1.80,2.00];[1.40,1.60];[1.00,1.20];[1.60,1.80];[2.00,0.00];[0.20,0.40];[0.00,0.20]","v17"
"21fcef0fbefac163b4fff7e1","[1.60,1.80];[1.40,1.60];[0.60,0.80];[2.00,0.00];[0.40,0.60];[1.20,1.40];[0.00,0.20];[1.80,2.00];[1.00,1.20];[0.80,1.00];[0.20,0.40]","v17"
"","[2.00,0.00];[1.60,1.80];[0.20,0.40];[1.20,1.40];[0.80,1.00];[1.40,1.60];[1.00,1.20];[0.00,0.20];[0.60,0.80];[0.40,0.60];[1.80,2.00]","v17"
"","[0.60,0.80];[0.00,0.20];[1.80,2.00];[1.20,1.40];[2.00,0.00];[1.40,1.60];[1.00,1.20];[0.20,0.40];[0.40,0.60];[1.60,1.80];[0.80,1.00]","v17"
"51e52a10839b2434657bd326","[0.20,0.40];[1.40,1.60];[0.80,1.00];[1.20,1.40];[1.80,2.00];[2.00,0.00];[0.40,0.60];[0.00,0.20];[1.60,1.80];[0.60,0.80];[1.00,1.20]","v17"
"386a71ea6fc40e7e4a326b9a","[0.40,0.60];[0.60,0.80];[1.40,1.60];[1.00,1.20];[0.20,0.40];[1.20,1.40];[1.60,1.80];[2.00,0.00];[0.00,0.20];[0.80,1.00];[1.80,2.00]","v17"
"c7cd042d61936df615c6c0e5","[0.20,0.40];[2.00,0.00];[0.40,0.60];[1.00,1.20];[1.40,1.60];[0.00,0.20];[1.60,1.80];[1.20,1.40];[0.80,1.00];[0.60,0.80];[1.80,2.00]","v17"
"c02e47c644aa74f4db688aa4","[1.00,1.20];[0.20,0.40];[0.80,1.00];[1.80,2.00];[0.60,0.80];[0.40,0.60];[1.20,1.40];[1.60,1.80];[1.40,1.60];[0.00,0.20];[2.00,0.00]","v17"
"72d498cc649a2b508e14c16e","[1.40,1.60];[1.20,1.40];[1.80,2.00];[0.80,1.00];[0.40,0.60];[0.60,0.80];[1.00,1.20];[0.00,0.20];[2.00,0.00];[0.20,0.40];[1.60,1.80]","v17"
"4f4de00bb4f0e97f7bc3e547","[1.80,2.00];[0.40,0.60];[0.60,0.80];[2.00,0.00];[1.00,1.20];[0.20,0.40];[1.20,1.40];[1.60,1.80];[0.80,1.00];[1.40,1.60];[0.00,0.20]","v17"
"","[0.40,0.60];[0.80,1.00];[1.60,1.80];[0.00,0.20];[1.00,1.20];[0.60,0.80];[2.00,0.00];[1.40,1.60];[1.80,2.00];[0.20,0.40];[1.20,1.40]","v17"
"","[1.80,2.00];[2.00,0.00];[1.60,1.80];[0.20,0.40];[1.20,1.40];[0.80,1.00];[1.40,1.60];[0.60,0.80];[0.00,0.20];[0.40,0.60];[1.00,1.20]","v17"
"","[0.00,0.20];[0.40,0.60];[2.00,0.00];[0.20,0.40];[1.20,1.40];[1.80,2.00];[0.80,1.00];[1.60,1.80];[1.00,1.20];[0.60,0.80];[1.40,1.60]","v17"
"","[2.00,0.00];[1.60,1.80];[1.00,1.20];[0.20,0.40];[1.80,2.00];[1.40,1.60];[1.20,1.40];[0.80,1.00];[0.00,0.20];[0.60,0.80];[0.40,0.60]","v17"
"","[1.80,2.00];[0.40,0.60];[1.60,1.80];[0.00,0.20];[0.20,0.40];[2.00,0.00];[0.80,1.00];[1.20,1.40];[0.60,0.80];[1.40,1.60];[1.00,1.20]","v17"
"","[0.40,0.60];[1.40,1.60];[0.80,1.00];[1.00,1.20];[0.60,0.80];[1.60,1.80];[1.80,2.00];[2.00,0.00];[0.20,0.40];[1.20,1.40];[0.00,0.20]","v17"
"","[1.40,1.60];[1.20,1.40];[0.80,1.00];[0.00,0.20];[0.20,0.40];[0.40,0.60];[0.60,0.80];[1.60,1.80];[2.00,0.00];[1.00,1.20];[1.80,2.00]","v17"
"","[0.40,0.60];[1.80,2.00];[1.00,1.20];[0.80,1.00];[1.20,1.40];[0.60,0.80];[1.60,1.80];[2.00,0.00];[1.40,1.60];[0.20,0.40];[0.00,0.20]","v17"
"","[0.20,0.40];[1.80,2.00];[1.20,1.40];[2.00,0.00];[0.40,0.60];[1.00,1.20];[0.80,1.00];[0.60,0.80];[1.40,1.60];[0.00,0.20];[1.60,1.80]","v17"
"","[1.40,1.60];[0.60,0.80];[0.80,1.00];[2.00,0.00];[0.00,0.20];[1.20,1.40];[0.20,0.40];[1.60,1.80];[0.40,0.60];[1.00,1.20];[1.80,2.00]","v17"
"","[1.00,1.20];[0.40,0.60];[0.00,0.20];[2.00,0.00];[0.80,1.00];[1.20,1.40];[1.60,1.80];[0.60,0.80];[1.80,2.00];[0.20,0.40];[1.40,1.60]","v17"
"","[0.00,0.20];[1.40,1.60];[2.00,0.00];[0.60,0.80];[0.20,0.40];[0.40,0.60];[1.00,1.20];[0.80,1.00];[1.60,1.80];[1.20,1.40];[1.80,2.00]","v17"
