"Participant.id","Age","Sex","Student.status"
"0106bf49abc1ffd8cd202835","35","Male","Yes"
"88573c93e66954fb1ca4156c","24","Male","No"
"5e1c45b7deda6fe8226b275d","23","Male","No"
"cc899fd81a6a13c11a719b97","38","Male","No"
"3673f82f806646a732082330","34","Male","No"
"61fbc39cf573adebf45149f3","42","Male","Yes"
"4b25ac32174bb71fae9dab30","33","Male","DATA_EXPIRED"
"2c3d3439ee0ae74b0a35f92f","46","Male","No"
"c0eddad7d3e61a29e7fd83ee","40","Male","DATA_EXPIRED"
"8a3177ddc41ba6c930e2473d","27","Male","No"
"ec2d21c0f2a6c55528774a50","34","Male","No"
"583c2115adfdfeaaa52d506e","32","Male","No"
"b163dbf137e73eda989741a3","26","Male","DATA_EXPIRED"
"5bcc7dda2085a65a21e1ec90","32","Male","Yes"
"f52be4b38ac70f1eb7b9f471","40","Male","No"
"92f8b534cad13a3682fb389b","37","Male","No"
"9de65bd37de4acc6c31cb3f2","39","Male","DATA_EXPIRED"
"2c9d02a9a876bae2954532c8","45","Male","No"
"f553d1bc206fd8b36cefb5a8","24","Male","Yes"
"0f42841ac0f57a47802a602a","34","Male","No"
"3e6989a2668a549d802b15a3","21","Male","Yes"
"a6b70a4dae309e3777bbafe6","41","Male","No"
"a8b4f02fed3d7bf77c00ca6d","58","Male","Yes"
"81b0fd6bb9f4581df0b99f26","33","Male","Yes"
"b1e8a94e86abaaafa4fa6717","22","Male","No"
"07e57b40d0580dd9381e2115","34","Male","No"
"7a522ac42c3d3176a5e4aef7","25","Male","Yes"
"260e411d2d373895728e5fc4","48","Male","No"
"96a9253c8153bb8607f490e9","23","Male","DATA_EXPIRED"
"26a2bc48b516f29d3c87ddac","26","Male","No"
"73265371825fe204c4dbecef","40","Male","Yes"
"0b20227aa994398a48fa8697","35","Male","No"
"28b6d3c4757c291fe7a37ea7","56","Male","No"
"81465bc86b03ba7f710d07fb","30","Male","No"
"8cc23a4893cc4fae161801a0","30","Male","No"
"5c4ff92dd79d7612a5d0b873","45","Female","Yes"
"e8478439f0a9d11d36523d72","35","Female","No"
"3ba76a8bc28dd88fc02e8453","25","Female","No"
"b0a9ce7ba0ffc57613395627","53","Female","No"
"d7db347c44efd3a3184d69f6","50","Female","Yes"
"164b9efa6f75264568dc6306","50","Female","No"
"4b05948e6d84e115c20e0eef","28","Female","Yes"
"1ea1d8e315b498d23f7d54b2","44","Female","No"
"d480336f7c0f2b4caef12074","49","Female","No"
"f3ed01b027c5ce4d1f5f88c2","28","Female","DATA_EXPIRED"
"758dc06cd5a12761f000cd2d","29","Female","No"
"aa3b7ea322717e575661c793","28","Female","No"
"acc3c3da68e270397ed475ee","23","Female","Yes"
"65ba9446ef49a7d694d2d5dd","24","Female","Yes"
"98bbf8265f68f96c89abbe78","21","Female","DATA_EXPIRED"
"9ea47e9ce896f36f25de7cb2","37","Female","No"
"c74437c1eee521ad78008b0b","26","Female","No"
"69b468bc4e7e4abffece6429","42","Female","No"
"44062296c9e2acad30941d03","41","Female","No"
"1cdc7404675c46438f00647a","71","Female","No"
"faaa320257ce75113b487842","50","Female","No"
"acbd1f8149c49cc33bccea00","63","Female","No"
"88e985a762f492099921c8ff","48","Female","No"
"41a1613360851d03c8dcfebc","56","Female","No"
"07c537c83a8d55445613bbf2","24","Female","No"
"8d81aed6df119b2cd342da76","20","Female","Yes"
"48b395f2df3c4e0f98fd14e1","53","Female","No"
"3968d198e405c911a73efd1d","22","Female","Yes"
"94219acc2fb03d07a274b11c","35","Female","No"
"63ceac16a30fb9c461f44cc6","37","Female","No"
"b6f7a2931440dee97b141475","37","Female","No"
"a565e3557954685c390a1d20","22","Female","No"
"ae151dd14c5e3684c1e97a01","44","Female","No"
"016cc4047da2f18f529e5e81","29","Female","No"
"e4582e4776d51ae378be07b6","49","Female","No"
"6d399e12779f6e440c728e75","CONSENT_REVOKED","CONSENT_REVOKED","CONSENT_REVOKED"
"2cdb99b0885eecdf42025275","CONSENT_REVOKED","CONSENT_REVOKED","CONSENT_REVOKED"
"f16c6b841b39c760529e435e","CONSENT_REVOKED","CONSENT_REVOKED","CONSENT_REVOKED"
"3cbb41b813d9aeeba6a47e98","CONSENT_REVOKED","CONSENT_REVOKED","CONSENT_REVOKED"
"6ffb3bed2d253a08941407ec","CONSENT_REVOKED","CONSENT_REVOKED","CONSENT_REVOKED"
"ff5d8ba2c81cee4e4d92280d","CONSENT_REVOKED","CONSENT_REVOKED","CONSENT_REVOKED"
"f78b0e3f94cfcada034305d7","CONSENT_REVOKED","CONSENT_REVOKED","CONSENT_REVOKED"
"708da2ec7c14cd9fd1b57f23","CONSENT_REVOKED","CONSENT_REVOKED","CONSENT_REVOKED"
"20c7d25f6c575f0b07fc28e1","CONSENT_REVOKED","CONSENT_REVOKED","CONSENT_REVOKED"
"ed499049f99541c64e68f226","CONSENT_REVOKED","CONSENT_REVOKED","CONSENT_REVOKED"
"ffe4a44b7757c64df77cdced","CONSENT_REVOKED","CONSENT_REVOKED","CONSENT_REVOKED"
"600117b59b0ca2529dbb50fb","CONSENT_REVOKED","CONSENT_REVOKED","CONSENT_REVOKED"
"cc4d4152d08f01e4c6c9eaf0","48","Female","No"
"5dab7e85d91a616179d209fb","CONSENT_REVOKED","CONSENT_REVOKED","CONSENT_REVOKED"
"d0801346978b514e7b3e1b7f","CONSENT_REVOKED","CONSENT_REVOKED","CONSENT_REVOKED"
"c2caa0a8dd20eff5e3cb4f5d","CONSENT_REVOKED","CONSENT_REVOKED","CONSENT_REVOKED"
"986958d31c663cb63b6083d0","CONSENT_REVOKED","CONSENT_REVOKED","CONSENT_REVOKED"
"a265fb104ab52a67797cf615","CONSENT_REVOKED","CONSENT_REVOKED","CONSENT_REVOKED"
"a0f64aea0d0765b2f2a86658","CONSENT_REVOKED","CONSENT_REVOKED","CONSENT_REVOKED"
"1bb4fde659152a150a424ea7","CONSENT_REVOKED","CONSENT_REVOKED","CONSENT_REVOKED"
"1223d3ff17ee323ca5f00b27","CONSENT_REVOKED","CONSENT_REVOKED","CONSENT_REVOKED"
